fish1.jpg,[[254 246 152] [255 248 165] [255 250 171] [255 251 173] [254 250 167] [254 247 150] [245 242 134] [222 233 117] [217 233 121] [215 231 120] [202 218 106] [209 217 111] [224 227 128] [230 235 136] [210 210 108] [171 154  79]],[[255 247 154] [255 249 166] [255 251 172] [255 251 170] [254 250 162] [255 246 143] [239 237 125] [215 227 108] [206 227 105] [209 225 113] [191 211  98] [203 208 109] [220 220 120] [226 228 128] [204 196 100] [159 134  65]],[[255 247 154] [255 249 164] [255 251 170] [254 250 167] [255 249 162] [255 244 141] [238 232 119] [209 223  98] [201 223 104] [209 225 115] [190 204 102] [194 198 101] [214 214 111] [223 220 115] [199 184  87] [148 113  52]],[[254 246 152] [255 249 162] [255 251 166] [255 250 165] [254 249 158] [255 243 139] [198 197 129] [ 45  97 113] [200 219 103] [210 224 118] [191 203 102] [193 192  97] [210 204 107] [221 208 104] [193 168  78] [142  96  44]],[[255 241 148] [255 247 154] [255 248 161] [ 72 128 255] [255 247 230] [ 54  98 216] [ 44 105 223] [ 21  92 206] [ 57  99 123] [204 217 108] [185 199  98] [187 189  92] [204 195  93] [213 195  94] [181 156  70] [137  90  38]],[[255 221 132] [255 234 138] [254 246 151] [ 31  40  90] [255 235 193] [ 31  67 189] [ 25  82 212] [ 35  88 210] [ 32  73 164] [198 210 103] [180 192  91] [176 179  76] [191 177  81] [197 180  80] [166 136  61] [134  86  42]],[[201 166 123] [235 199 116] [255 230 131] [ 23  89 232] [255 229 192] [ 25  59 156] [ 26  70 187] [ 32  78 191] [224 225 215] [ 52  52  81] [ 27  65 120] [209 197 104] [170 153  69] [173 153  65] [143 110  49] [130  87  48]],[[104  79 105] [138 115  93] [224 194 115] [ 27  30  89] [ 32  35 112] [ 31  32  87] [ 65  62  99] [210 210 195] [218 216 208] [ 20  90 213] [ 22  81 186] [ 32  32  23] [132 131  50] [135 121  49] [118  91  47] [116  82  52]],[[ 64  50  75] [ 66  56  73] [148 124 102] [205 183  99] [ 15  53 152] [ 15  56 182] [ 25  25  24] [207 198 176] [204 200 197] [ 21  85 217] [ 11  78 201] [ 42  40  41] [124 138  50] [121 118  48] [110  98  51] [105  82  59]],[[ 74  52  77] [ 70  53  74] [ 91  78  94] [111 119  77] [ 11  62 158] [ 76  80 130] [ 43  68 122] [196 193 172] [169 144  89] [ 14  73 213] [ 10  94 224] [107 167 221] [253 237 180] [224 196 133] [106 111  56] [ 95  86  61]],[[ 75  55  78] [ 82  59  87] [ 86  73  89] [ 63  74  64] [115 131  65] [  0  88 202] [  9  58 139] [174 180 165] [ 13  57 181] [  8  84 227] [ 13  74 219] [191 207 221] [ 13 129 234] [ 30  29  29] [136 138  92] [ 82  82  68]],[[ 68  48  77] [ 82  57  92] [112  84 113] [ 66  70  71] [ 78  86  74] [ 21  18  20] [ 15  16  13] [135 153 159] [  8  80 217] [  6  94 234] [  7  98 238] [183 198 222] [  7 135 252] [ 28  30  39] [159 148 129] [ 86  90  84]],[[ 50  39  77] [ 77  55  97] [ 94  72 100] [ 95  80 101] [ 82  73  96] [ 52  59  77] [ 85  97  97] [127 133 139] [ 17  18  15] [ 14  28  58] [ 15  13  13] [159 173 102] [ 10 113 246] [ 23  28  27] [162 148 161] [128 136 136]],[[ 46  40  87] [ 68  57  95] [126 101 131] [125 105 130] [ 99 100 114] [ 81 110 107] [ 85 122 109] [136 142 146] [181 177 186] [177 179 177] [149 157 146] [173 162 158] [205 183 147] [187 170 150] [144 145 155] [111 131 126]],[[ 47  40  77] [117  88 118] [166 132 159] [145 129 148] [ 86 113 107] [ 88 123 117] [ 98 123 119] [105 126 123] [162 175 174] [191 193 193] [170 169 177] [174 156 170] [167 138 153] [115 121 119] [110 125 120] [ 96  99 112]],[[ 66  53  77] [132 102 131] [184 147 171] [148 137 150] [ 75 115 106] [ 91 103 106] [110 103 118] [113 110 123] [148 162 160] [149 160 158] [129 132 136] [146 130 153] [178 148 173] [120 111 131] [103 114 113] [124 115 136]]
fish2.jpg,[[ 18  64  89] [ 30  87 123] [ 14  27  37] [  6   8  16] [ 41  75 107] [ 29  38  57] [ 64  91 112] [  0   0   4] [ 73  70  71] [  7   9   9] [  5   4   6] [ 16  28  39] [ 27  28  24] [ 22  29  37] [ 23  50  88] [ 48  84 132]],[[ 10  21  33] [ 10  15  26] [  7  13  20] [  6   6  12] [ 46  90 119] [ 28  29  63] [ 51 102 131] [ 15  40 142] [ 64  84 101] [  6   9   3] [ 11   4   1] [147 176 200] [136 165 170] [ 88  59  50] [ 65 111 145] [ 11  14  28]],[[ 17  23  30] [ 17  31  78] [  5   7   8] [  6   6  12] [  9  12  18] [  2   6  22] [ 15  23  53] [ 14  47 174] [251 255 253] [  7  93 235] [178 190 216] [222 246 247] [ 82 126 155] [ 73 123 146] [ 17  18  21] [ 62  85 110]],[[  2   2   2] [ 18  19  23] [ 16  29  39] [  6   8   9] [  7   5   8] [ 46  84  97] [ 77 120 105] [  5  56 205] [249 243 226] [  0 134 252] [ 90 151 176] [ 35  71 106] [ 26  57  90] [ 74  64  85] [ 52  51  49] [ 51  79 107]],[[ 12  12  12] [ 24  42  74] [ 13  26  41] [  6   6   6] [  6   6   9] [  4  62 185] [ 39  92 174] [ 22  23 105] [221 211 208] [  0  97 236] [ 47  78 114] [ 35  54  82] [ 42  73 106] [ 44  77 110] [ 36  74 111] [ 83 121 138]],[[ 97 159 204] [ 27  84 104] [ 39  77 105] [  4   2   2] [ 44  72 104] [  8  67 191] [ 17  69 198] [  5  72 226] [218 244 241] [ 12  12  68] [ 40  95 128] [  5  45  84] [ 21  43  79] [102 121 135] [ 23  58  93] [ 72 102 114]],[[ 56  88 111] [ 27  52  73] [ 16  54  86] [110 155 151] [ 44  92 129] [ 39  77 136] [  5  63 212] [  8  72 219] [  7  18 138] [ 11  17  69] [ 24  38  62] [ 62  74  85] [ 27  48  82] [ 65  78 100] [ 94 136 142] [ 21  27  38]],[[ 20  39  66] [ 57  75  95] [ 58  88 121] [ 57  82 107] [ 19  53  93] [ 94 125 137] [  3  26 141] [ 87 105 117] [  6  16  55] [  8  15  32] [ 10  21  46] [ 25  43  82] [ 35  59  85] [ 37  70  92] [ 35  46  73] [ 33  63  90]],[[ 26  35  50] [189 192 190] [ 43  74 101] [128 146 153] [  6  24  72] [ 41  73 117] [ 22  55 102] [ 13  18  49] [ 38  46  73] [  5   7  22] [ 53  85 115] [ 39  48  68] [ 59  33  45] [ 14  32  60] [ 24  37  61] [ 22  43  75]],[[ 25  34  61] [ 14 102 148] [ 20  42  77] [ 30  52  79] [ 52  75  97] [191 203 220] [ 21  44  78] [ 13  17  42] [ 14  25  26] [ 12  32 153] [ 42  59  89] [ 42  52  77] [ 13  23  47] [  5  41  81] [ 22  29  59] [ 38  73  99]],[[ 32  43  60] [ 24  39  58] [ 23  32  53] [ 16  26  52] [ 21  35  66] [ 32  58  95] [ 53  71 100] [  7   5  33] [  9  37 169] [  3  39 202] [ 14 114 175] [ 14  33  66] [ 25  33  53] [ 43  49  65] [ 24  42  69] [ 23  38  71]],[[ 22  36  61] [ 41  48  67] [ 11  18  38] [ 10  20  44] [ 47  76 109] [ 19  46  83] [ 73  89 115] [  7  39 143] [  2  46 216] [ 85 126 217] [246 221 184] [  4  85 226] [ 40  48  68] [ 21  37  58] [ 12  23  47] [ 32  45  62]],[[ 15  21  36] [ 27  40  56] [ 18  23  38] [ 27  34  53] [ 37  51  78] [ 19  32  56] [  1  43 214] [  0  35 186] [108 115 169] [ 36 116 177] [101  62 194] [  4  68 196] [  9  15  44] [  9  16  49] [ 13  40  55] [ 27  34  57]],[[ 16  24  39] [  9  37  59] [147 149 158] [  8  12  31] [ 20  35  61] [ 15  22  48] [ 14  13 106] [ 62  71 163] [  8  28 181] [ 61  78 108] [124 141 160] [  2  35 128] [ 11  39  79] [ 35  52  86] [ 18  33  56] [ 27  35  54]],[[ 26  33  42] [ 40  64  84] [ 24  38  58] [ 35  48  67] [ 29  46  69] [ 34  45  72] [ 45  46  66] [ 52  71 123] [  3  57 196] [ 25  41  93] [ 16  31  92] [  1  10  23] [ 37  47  73] [ 51  26  58] [ 67  71  95] [ 16  17  33]],[[ 11  24  47] [ 48  61  75] [  9  16  33] [ 19  33  52] [ 18  23  46] [ 15  24  51] [ 18  27  61] [ 38 114 155] [ 31  58 110] [ 31  39  83] [  6  56  96] [ 24  32  60] [ 13  15  28] [ 43  57  76] [ 27  36  79] [ 27  27  44]]
fish3.jpg,[[210 137 115] [209 136 114] [207 137 114] [206 136 113] [206 136 113] [205 135 112] [204 134 111] [200 133 110] [202 131 111] [198 129 109] [195 126 106] [191 125 106] [190 124 105] [170 121 101] [ 56  71  70] [179 118  98]],[[203 135 112] [202 137 113] [203 135 112] [200 135 111] [197 134 113] [201 135 114] [195 131 110] [193 128 107] [194 128 107] [193 144 123] [193 127 108] [ 73 106 105] [185 123 108] [127 111  98] [ 94  87  74] [185 118  99]],[[195 135 111] [194 134 110] [190 134 109] [194 134 112] [190 132 110] [191 133 111] [148 134 110] [181 124 103] [184 122 102] [  8  57 109] [  0  71 139] [  6  43  63] [157 112  95] [ 68  86  89] [136 106  86] [176 117  97]],[[193 135 110] [194 138 112] [190 132 109] [188 130 108] [184 129 107] [  0   0   0] [  5  89 176] [184 201 149] [238 192 150] [  3  57 136] [  3  81 168] [ 11  47  69] [ 78  97 103] [ 17  61  77] [172 116  95] [170 113  94]],[[189 135 112] [239 172 144] [141 126 108] [177 127 104] [174 125 103] [  5  95 215] [  1  81 173] [  7  50 151] [253 252 241] [  7 121 242] [  4 127 243] [  5 119 246] [ 46  74  60] [  5  35  49] [172 113  94] [170 112  93]],[[188 136 113] [  0   5  14] [  4  82 186] [255 237 171] [162 119  98] [  5  90 204] [  0  56 185] [  6 106 224] [250 251 224] [  2 123 248] [  4 123 249] [252 252 226] [255 255 245] [ 28  44  44] [166 109  90] [169 111  92]],[[189 140 118] [  5  25  59] [  4  85 197] [  0  75 192] [253 250 213] [  6  65 192] [  2  61 209] [  8  46  71] [255 255 227] [ 21 107 233] [  0  88 228] [254 253 213] [ 12  77 217] [  5 120 249] [159 104  89] [164 111  91]],[[240 169 148] [  1 121 251] [  2 105 240] [  0  71 216] [209 174 190] [  3  69 204] [  1  68 216] [  1   1  13] [  5 126 255] [ 19  94 161] [245 250 226] [  2  91 218] [  3 124 238] [  6 142 252] [155 103  87] [163 108  93]],[[199 143 121] [  1 114 240] [  3 101 226] [  4  65 190] [169 163 174] [  2  54 191] [  2  56 196] [ 61  89 148] [  1 127 251] [  0 115 252] [255 255 220] [  1 111 226] [  3 123 226] [  5 119 222] [  0   6   1] [168 115  95]],[[184 136 112] [165 129 109] [149 115 109] [164 128 102] [149 121 105] [  2  60 189] [  0  54 185] [  8  84 197] [  5 128 249] [  2 118 251] [ 28  55 105] [ 82  97 118] [  1 108 213] [  1 101 183] [ 32  68 113] [168 130 108]],[[182 133 109] [176 129 107] [167 125 102] [166 124 101] [ 94 125 134] [  4  98 141] [  0  57 172] [  4  66 182] [ 24 102 223] [  3  99 226] [  1  69 179] [204 188 161] [  4  61 178] [ 13 102 200] [ 14  37  57] [181 141 119]],[[181 133 109] [179 131 107] [173 129 106] [170 128 105] [179 131 109] [  4  79 115] [  7  70 211] [  2  64 175] [163 171 165] [  0  68 170] [  0  86 180] [  2  77 169] [  0  65 138] [  0  75 173] [116 124 104] [169 118 102]],[[182 132 109] [181 133 109] [180 132 108] [175 131 108] [172 130 106] [ 32 147 172] [130 176 176] [ 26 110 134] [ 13  54 102] [ 11  28  90] [  0  75 182] [ 37 117 115] [ 86 148 128] [ 84 111  99] [236 246 220] [113 121 104]],[[198 141 116] [195 138 116] [183 133 110] [179 131 107] [176 132 108] [ 40 110 129] [  2  75 124] [  9 103 132] [  2  53  99] [  6  96 233] [  0  41 171] [ 26  63  66] [ 25  86  86] [142 183 164] [187 227 206] [ 15  41  41]],[[188 137 111] [186 137 111] [180 132 108] [180 132 108] [178 134 110] [ 18  40  56] [ 11  94 130] [ 16 104 134] [ 11  86 124] [  6  12  31] [  1  11   5] [ 30  31  65] [ 35 104 102] [ 81 145 131] [ 12  20  18] [ 19  40  38]],[[184 135 109] [183 135 111] [181 133 109] [184 136 112] [104 110 104] [ 11  39  46] [  8  62  97] [ 11 115 161] [ 11 125 167] [ 41 169 203] [ 40  99 111] [ 10  19  32] [  0  13  11] [  6  17  14] [  6  20  20] [ 17  38  44]]
fish4.jpg,[[ 11  15  48] [ 73 103 143] [100 130 158] [ 66 115 168] [ 45  95 124] [  2  17  54] [ 61 108 136] [ 75  86 125] [ 26  71 131] [ 58 109 144] [ 67 107 150] [ 70 117 152] [ 22  82 139] [ 59 105 138] [ 23  52 107] [ 30  74 128]],[[ 55  97 139] [ 81 128 161] [ 66 113 160] [ 60 103 146] [ 65 108 147] [ 52  92 134] [  0   0  15] [ 46  76 130] [ 51  94 136] [ 59 102 145] [ 49 105 161] [ 34  94 147] [ 50  99 147] [ 62  98 144] [ 63  87 126] [  5  58 126]],[[ 42  91 135] [ 80 126 163] [ 62 110 148] [ 25  82 131] [ 46  90 137] [ 48  80 132] [  4  17  58] [ 55  97 139] [ 56  95 138] [111 140 187] [ 80 115 157] [ 50  97 141] [ 22  79 144] [  0  58 206] [ 19  40  80] [134 149 160]],[[ 47  95 142] [ 41 101 152] [ 16  63 123] [ 13  74 136] [  8  26  72] [  2  39 165] [  0  38 163] [120 138 150] [ 10  43 147] [  0  31 157] [  5  35 155] [ 67 104 144] [  3  50 175] [  5  52 198] [ 70 109 135] [ 68 113 147]],[[ 54 106 145] [ 77 115 144] [ 73 112 143] [ 84 134 174] [ 31  62 120] [  2  38 162] [  0  34 162] [209 204 179] [  2  47 176] [  2  43 182] [  0  27 148] [ 41  83 148] [  2  54 188] [  1  39 194] [ 24  73 137] [ 78 122 166]],[[ 36  95 147] [ 46  91 139] [  8  38  96] [  4  30  74] [  5  26  89] [  2  36 156] [  0  44 171] [204 195 182] [  8  50 177] [  2  52 189] [  2  52 179] [190 173 171] [  0  48 193] [  0  48 187] [  6  24  88] [  6  10  38]],[[ 55  99 141] [ 49 110 158] [ 88 128 164] [ 41  90 141] [234 239 210] [227 233 213] [  0  45 176] [193 184 181] [  8  28 107] [  0  53 192] [  1  52 196] [205 192 186] [ 18   0   9] [  4   2   7] [ 13  18  42] [ 31  56 105]],[[  2  25  78] [  5  62 130] [ 17  67 133] [  1  70 219] [ 14  92 246] [224 233 213] [ 18  39 133] [196 194 194] [  0  53 175] [ 10   7   2] [  0  46 181] [  5   0   9] [  9  16  44] [ 12   5   9] [ 62 100 130] [111 140 163]],[[  1  30  83] [101 134 168] [ 49  95 142] [  0  70 228] [  5  81 232] [  0  66 203] [209 228 216] [  5  43 167] [  0  73 205] [  4  35 137] [  0  25 161] [  5  66 210] [ 54  87 132] [ 29  27  45] [109 133 160] [  4  19  59]],[[ 30  91 144] [101 135 170] [ 75 118 159] [  3  92 239] [  1  87 233] [  1  77 218] [196 209 206] [  0  49 185] [  0  66 190] [  0  42 168] [  8  62 208] [ 18   6  11] [ 55 102 160] [ 99 140 187] [  1   4  27] [ 92 122 158]],[[ 91 148 190] [ 22  77 143] [ 35  47  96] [  0  72 203] [  0  89 227] [  5  84 209] [210 234 240] [  5  74 213] [  2  72 193] [ 10   8   6] [ 76 115 175] [ 58  93 156] [ 65 108 160] [ 61 102 144] [ 94 143 174] [ 13  67 129]],[[ 31  95 145] [ 70 131 176] [ 97 126 166] [ 12  25  71] [  3  42 148] [139 153 167] [  1  41 147] [  3  74 201] [  2  71 188] [ 34  38  77] [ 47  83 146] [ 64 124 178] [123 149 193] [ 55 118 157] [ 58 108 152] [ 17  17  45]],[[101 139 172] [ 67 110 149] [ 44  71 122] [ 10  37  90] [  0   6  35] [  1  27 116] [  1  24 135] [  1  21 138] [ 18   8  23] [ 16  31  82] [  0  31 114] [ 65  93 131] [  0  39 102] [113 147 195] [ 21  68 127] [ 60  97 126]],[[ 23  83 145] [ 17  86 149] [ 86 125 164] [  9  25  61] [  3   6  33] [ 11   9  30] [  9   9  17] [  0  22 166] [  7   2   1] [ 86 129 177] [ 10  59 111] [125 141 184] [ 71 106 150] [ 53 106 147] [ 66 107 147] [ 62  88 132]],[[ 74 112 158] [ 31  66 132] [ 10  14  37] [ 47  88 123] [ 17  20  56] [ 17  22  56] [ 14   1   7] [  9   1  11] [  8  11  40] [  9  26  77] [107 119 149] [ 89 126 162] [108 125 165] [ 94 116 150] [ 26  53 113] [ 13  55 125]],[[ 38  96 149] [  0  17  61] [ 17  13  46] [ 67  85 119] [ 75 103 142] [ 33  51  88] [ 61  98 133] [  9  14  38] [  0   0  29] [ 25  40  88] [ 78 112 150] [133 167 212] [ 76 112 157] [ 95 117 145] [ 89 134 160] [ 46 112 162]]
fish5.jpg,[[205 209 255] [129 124 154] [227 217 224] [107 110 142] [178 134  25] [173 108   2] [169 102   0] [173 108   2] [173 107   2] [173 106   1] [173 107   2] [172 106   2] [178 108   0] [178 110   2] [177 111   0] [177 112   0]],[[105 105 192] [ 88  95 112] [104  98 115] [178 144  35] [164 157 126] [149 148 137] [176 124   2] [186 131   5] [167 105   2] [174 107   4] [171 104   1] [171 106   1] [174 108   3] [171 105   0] [177 109   2] [174 109   0]],[[ 90  86 151] [ 90  87 143] [ 88  80  48] [ 29  26  14] [149 147 116] [168 163 148] [139 113  40] [167 149  93] [175 158 116] [183 141  18] [168 102   0] [169 102   0] [173 106   3] [171 104   1] [175 104   0] [174 108   3]],[[ 60  61 130] [106 111 179] [105  90  19] [203 203 241] [151 141 122] [100  99  94] [155 150 134] [138 121  97] [143 134 123] [136 127  90] [168 107  39] [168 102   0] [170 103   1] [169 101   1] [174 105   2] [173 105   0]],[[ 11  17  35] [ 81  76 103] [105  83 110] [ 91  79 130] [128 130 155] [115  89  59] [119 103  96] [  2 148 254] [144 136 141] [147 100 109] [164  97   2] [167 100   1] [166  99   0] [170 104   2] [169 102   0] [170 104   2]],[[ 34  40  71] [121 109 132] [ 99  92 145] [ 76  73  98] [133 117 149] [127 109 120] [ 92  96 116] [  2 124 254] [254 236 212] [  6  66 140] [ 89  70  76] [149  93  61] [164  99   1] [165 100   1] [167 100   1] [169 103   1]],[[ 17  18  18] [ 88  93  95] [ 25  31  48] [ 67  68  96] [ 98  91 124] [103 105 139] [102 109 148] [  1 120 253] [  6  50 175] [ 15  53 130] [145 102 110] [138  87  78] [161  98   0] [164  98   1] [168  99   4] [165 100   1]],[[147 149 194] [ 15  25  50] [ 74  51  83] [ 80  73 109] [ 65  92 187] [ 48  67 136] [121 114 151] [  5  69 208] [  8  35 129] [252 206 152] [ 70  74  86] [108  83  93] [160  97   0] [161  97   2] [159  98   0] [161 100   3]],[[ 10  22  58] [ 13  20  45] [ 42  43  81] [ 86  91 139] [ 71  76 128] [  5  45 175] [  8  54 149] [  7 106 239] [124  90  71] [  2  75 223] [ 68  75  78] [104  78  84] [126  87   2] [160  96   0] [159  99   3] [154  93   0]],[[  5  31  81] [ 36  30  55] [ 87  74 113] [ 23  48 110] [113 106 152] [ 18  21  51] [  0  43 184] [ 51  63 117] [  0  23 133] [  5  77 231] [ 98  89  97] [132  96  87] [162 114   4] [156  95   1] [156  96   0] [164 126   1]],[[  7  12  22] [  8  12  23] [148 129 148] [118 110 150] [ 10  40 103] [ 67  56 120] [ 45  49  90] [ 24  39  75] [ 18  14  36] [ 42  53  69] [ 59  69  76] [ 69  66  61] [128  88  35] [116  89   0] [125  83   2] [141  98   2]],[[  2   3   8] [ 80  81 122] [ 69  73 121] [ 86  74 117] [ 18  33  81] [ 19  34  89] [ 10  21  51] [ 20  22  50] [ 42  50  74] [ 18  29  33] [ 42  53  65] [ 77  64  42] [114  80  39] [139  90   3] [159 126   3] [100  67   2]],[[ 14  15  29] [ 66  84 129] [ 16  29  72] [ 64  70 116] [ 83  82 121] [ 25  32  75] [ 23  31  71] [ 62  46  99] [ 85  84 117] [ 38  32  32] [ 38  33  49] [ 69  61  34] [ 95  71  49] [187 154  70] [102  73   1] [ 74  49   5]],[[ 99 111 181] [  8   9  23] [ 28  41  87] [ 57  58 108] [ 49  63 115] [ 11  24  50] [ 50  62 116] [ 72  74 108] [  5  16  14] [126  79 111] [ 41  40  34] [103  88  83] [110  76  67] [157 134  95] [188 165  99] [ 89 107  35]],[[ 85 113 165] [ 10  19  29] [ 41  50 110] [ 30  39  89] [ 81  54 104] [ 88  59 108] [ 94  67 106] [126  88 116] [ 91  92 130] [ 65  64  98] [ 88  55  70] [ 28  38  55] [ 55  41  43] [135 114  68] [147 120  25] [ 86  77   5]],[[ 49  55 115] [ 72  72 141] [ 23  40 102] [ 62  66 119] [ 50  53  97] [ 97  64 100] [ 66  58  95] [ 31  45  80] [ 63  68 105] [ 44  50  69] [ 19  24  23] [ 25  31  27] [ 89  58  30] [ 87  73  27] [145 125   5] [ 94  92   8]]
forest1.jpg,[[119 126 119] [ 57  55  44] [133 136 129] [163 169 165] [ 98  96  76] [102  80  49] [241 207 156] [121  95  64] [123  86  46] [ 61  47  25] [ 48  59  34] [127 138 105] [140 134  90] [208 160 103] [178 236 211] [107 141 119]],[[181 201 196] [ 42  39  32] [ 51  54  38] [ 96  94  83] [ 81  71  51] [149 122  75] [231 209 142] [249 255 233] [ 92 120  94] [ 94  69  40] [ 90 100  58] [134 133  95] [177 175 131] [254 254 254] [ 54  50  20] [ 43  46  19]],[[144 164 165] [ 55  57  53] [ 72  76  64] [ 29  34  23] [ 84  65  38] [247 247 211] [173 168 136] [ 71  64  37] [ 33  27   8] [ 35  24   7] [102 154 145] [ 92  87  54] [154 146 103] [226 222 170] [130 157 111] [ 26  23   2]],[[116 146 142] [ 51  57  55] [ 69  79  73] [116 125 114] [144 123  85] [255 254 244] [ 98 102  73] [ 56  43  21] [ 29  20   7] [ 23  14   0] [185 237 214] [ 70  70  34] [149 135  85] [253 241 186] [ 38  26  11] [ 23  34  12]],[[155 184 193] [112 121 120] [ 36  45  35] [108 119 106] [ 95 213 199] [180 167 124] [ 50  55  31] [ 38  34  23] [ 41  34  13] [ 30  22   7] [ 56  48  14] [ 67  53  23] [114 104  54] [190 148  84] [ 77  70  43] [ 50  57  23]],[[195 214 221] [124 145 146] [ 96 108 102] [ 26  64  48] [ 80 124 103] [174 152 119] [ 84  74  44] [ 50  48  30] [129 118  59] [ 13  11   0] [ 85  73  39] [ 89  74  35] [ 91  67  31] [238 200 143] [ 66  54  22] [ 25  18   0]],[[117 146 153] [127 143 149] [101 113 113] [122 137 126] [116 109  82] [162 141 109] [155 140 101] [ 48  48  31] [ 45  39  13] [ 10   5   3] [ 44  33  11] [ 66  51  18] [ 93  73  32] [179 142  88] [ 41  33  11] [ 59  43  18]],[[ 86 106 112] [104 117 123] [ 61  73  73] [ 60  88  83] [134 133 113] [190 177 155] [ 93  98  76] [ 27  27  13] [ 55  57  34] [  7  14   0] [ 59  54  18] [ 71  61  21] [101  83  35] [190 161 114] [ 78  43   3] [ 75  62  25]],[[209 223 230] [ 64  80  82] [ 72  86  84] [ 43  56  54] [153 174 162] [162 164 151] [ 67  67  47] [ 79  72  51] [ 56  51  30] [  7  11   2] [ 84  67  28] [ 49  37  15] [116  89  38] [230 192 133] [235 232 219] [ 50  34  16]],[[183 214 232] [ 91 112 119] [225 255 255] [100 108 109] [170 180 170] [161 162 144] [106 111  94] [ 15  20   7] [ 88  88  72] [  2  10   2] [ 30  30  14] [ 36  29  11] [126  95  54] [252 248 200] [204 212 205] [ 40  31  16]],[[ 25  30  32] [113 148 149] [ 92 114 116] [122 169 163] [161 172 164] [155 153 138] [147 153 139] [105 104  84] [131 138 114] [  8   6   2] [ 94  83  45] [ 49  42  23] [158 123  69] [249 224 160] [223 215 178] [ 48  45  30]],[[  6  12  11] [160 235 237] [132 227 218] [135 199 192] [ 98 121 118] [111 123 112] [128 128 108] [ 49  59  48] [113 152 131] [  4   8   3] [ 94 122  68] [ 51  52  28] [170 135  81] [247 206 142] [255 253 211] [ 27  24   6]],[[  3   8   7] [ 63  70  76] [ 35  99  82] [ 44  83  62] [104 131 121] [129 171 171] [ 29  80  54] [ 70 119  91] [ 31  51  43] [  3   7   1] [ 71  92  53] [ 60  69  59] [169 147  93] [244 204 139] [196 160 107] [ 31  31  18]],[[  1   2   2] [ 41  90  65] [ 22  71  54] [ 23  51  35] [ 44  76  45] [109 158 134] [ 51 120 101] [ 37 108  60] [  7  45  30] [  2   5   3] [ 11  96  59] [ 59  73  50] [105 119  60] [165 157  89] [  6   5   7] [ 42  84  50]],[[ 26  54  30] [  0  30  20] [  7  45  27] [ 16  37  42] [ 34 141  99] [ 35  93  73] [ 10  87  60] [ 16  41  18] [ 13  26  18] [  0   4   0] [ 58 106  74] [ 16  66  34] [ 14  42  17] [  7  41   3] [  1   1   1] [  6  20   2]],[[  4  21   9] [  4  45  16] [ 88  94  93] [ 21  48  38] [ 11  60  31] [ 62 127 119] [ 47 121  92] [ 17  68  41] [ 24  40  30] [  1  14   0] [ 20  39  46] [  5  52  36] [ 34 129 116] [ 94 161 200] [ 40  53  41] [ 14  27  14]]
forest2.jpg,[[ 54  97  71] [ 30 112  74] [ 31  72  54] [ 25  68  49] [ 37  71  54] [ 23  61  45] [ 43  87  70] [ 44  85  66] [ 89 149 130] [ 88 168 159] [132 182 172] [175 236 233] [148 175 177] [148 185 188] [ 49  54  48] [ 80  92  89]],[[ 23  77  56] [ 29  72  54] [ 16  75  50] [ 28  52  41] [ 23  65  46] [ 22  97  71] [ 42 102  80] [ 41  83  67] [ 68  66  66] [ 59 124 103] [133 174 163] [144 210 199] [ 69  92  81] [123 174 165] [ 91 159 138] [ 70  78  72]],[[ 46  86  69] [ 23 101  70] [ 53  87  72] [ 33  72  55] [ 38  90  66] [ 52  89  74] [ 32  80  61] [155 184 176] [ 44 120  89] [ 82 141 126] [118 188 174] [ 80 131 121] [123 150 145] [ 89 149 134] [ 51  78  64] [ 27  60  51]],[[ 46  98  77] [ 43  77  61] [ 47  40  36] [ 40  34  29] [ 55 103  80] [ 34  92  70] [ 55  89  73] [104 127 123] [ 95 144 129] [ 83 155 132] [ 88 145 130] [ 80 120 107] [ 96 154 139] [ 68  71  68] [ 38  39  32] [ 40  74  58]],[[ 30  24  20] [ 40  38  29] [ 27  74  50] [ 57  97  82] [ 76 117 102] [ 36  73  55] [123 134 133] [  5   8   5] [ 77  77  73] [ 95  99  93] [ 61 105  88] [ 90 131 119] [ 82 136 122] [137 174 162] [ 32  68  53] [ 27  29  23]],[[ 47  43  39] [ 40  49  38] [ 71  90  77] [ 47  92  74] [ 30  44  31] [ 83 123 109] [148 172 163] [126 186 171] [ 92  96  90] [ 98 103 100] [216 250 245] [ 84 140 125] [150 200 189] [ 81 121 112] [ 63  82  71] [ 23  21  16]],[[ 31  27  22] [ 80  88  77] [ 65  83  70] [ 56  75  62] [ 52  71  57] [131 156 146] [102 147 133] [ 59  80  70] [ 74  70  65] [ 72  92  85] [147 176 172] [181 219 215] [ 93 128 114] [132 137 131] [146 185 173] [ 17  18  13]],[[ 33  29  24] [ 60  57  51] [ 64  77  65] [ 64  73  63] [109 120 113] [ 84  83  78] [108 128 119] [ 85  91  84] [ 59  61  55] [ 39  46  41] [161 187 183] [181 210 206] [224 247 249] [151 181 172] [171 187 180] [ 26  27  21]],[[ 40  38  32] [ 58  53  48] [ 45  50  44] [ 93 104  97] [124 135 127] [ 75  75  69] [123 132 125] [134 136 130] [ 69  74  67] [ 64  67  59] [179 196 191] [157 174 170] [195 211 209] [149 155 150] [149 153 148] [ 21  21  15]],[[ 33  30  25] [ 50  64  56] [ 45  58  50] [ 86 102  99] [ 76 101  97] [ 74  89  83] [ 85 105  98] [ 77  98  92] [ 80  83  78] [ 44  43  41] [112 159 152] [122 152 152] [142 172 173] [116 150 145] [124 145 144] [ 19  18  13]],[[ 37  51  43] [ 49  63  54] [ 48  58  50] [ 41  57  52] [ 65  77  70] [ 56  69  63] [ 56  70  64] [ 50  66  56] [103 142 139] [125 149 144] [ 69  81  75] [ 72  89  82] [ 56  77  73] [112 168 167] [135 162 155] [ 29  30  24]],[[30 53 46] [33 37 31] [61 68 62] [55 55 51] [45 44 40] [50 49 47] [53 53 49] [47 55 51] [80 93 88] [57 60 54] [60 67 61] [47 55 49] [66 95 86] [56 80 72] [14 16 10] [12  9  5]],[[ 30  27  22] [ 27  32  27] [ 22  38  19] [ 36  53  41] [ 93 110  97] [112 155 125] [ 45  48  42] [ 32  42  33] [ 39  42  32] [ 27  39  35] [ 25  44  34] [128 198 162] [ 24  30  23] [ 44  47  41] [ 30  31  26] [ 14  11   7]],[[151 159 158] [ 20  34  26] [ 42  52  40] [ 44  51  45] [ 29  41  31] [ 30  37  30] [ 23  30  23] [ 31  38  31] [ 26  23  18] [ 34  35  31] [ 38  52  40] [ 28  39  29] [ 28  36  29] [ 42  49  43] [ 53  60  53] [ 17  16  10]],[[22 30 21] [18 31 23] [14 27 19] [40 93 70] [25 28 22] [51 92 76] [34 41 34] [18 23 17] [69 90 71] [35 41 35] [82 93 85] [18 26 20] [28 35 28] [20 31 23] [19 29 22] [14 21 16]],[[ 59  61  58] [ 26  29  26] [102 107 102] [133 137 132] [ 14  22  14] [ 32  34  29] [ 16  28  21] [ 17  28  19] [140 154 136] [ 25  55  37] [254 255 255] [ 22  59  43] [ 36  65  50] [122 128 124] [ 15  29  21] [ 13  20  13]]
forest3.jpg,[[ 93 102  67] [ 57 104  62] [ 99 162 110] [115 116  59] [210 237 210] [249 245 244] [113 173 140] [237 255 237] [ 98 100  75] [192 208 190] [ 75 117  75] [207 233 214] [ 47  75  39] [ 31  75  48] [ 46 118  64] [ 44  45  26]],[[ 75  70  48] [ 64 128  74] [126 151 122] [100  94  70] [116 174 139] [ 78 118  76] [208 237 212] [148 184 160] [ 75  78  57] [155 174 158] [ 56 138  78] [137 168 144] [ 90 147  91] [ 43  86  42] [ 22  30   2] [ 54  54  31]],[[ 55 126  69] [ 93 152  97] [238 239 222] [107 107  67] [ 61 136  84] [ 85  98  70] [139 196 129] [117 179 132] [110 137 100] [237 246 242] [196 233 195] [182 217 181] [ 32  82  40] [ 76 135  92] [ 26  86  46] [ 41  46  22]],[[ 64 108  65] [109 186 131] [104 178 129] [119 117  87] [ 72 135  78] [ 91 195 140] [ 89 164 114] [127 172 121] [ 86 133  89] [108 186 136] [175 213 181] [ 84 131  75] [139 147 137] [  4  83  41] [ 51  86  44] [ 33  76  36]],[[ 55 119  66] [ 13  40   8] [ 62 133  88] [ 93  90  70] [ 90 178 126] [101 170 118] [ 81 145  98] [ 77 133  84] [ 77 132  83] [119 208 151] [242 247 241] [103 158 110] [ 70 134  91] [ 50  53  31] [ 55  53  35] [ 43  48  24]],[[ 57  77  60] [ 73 147  93] [ 72 151  88] [116 131  78] [ 31  78  34] [ 61  99  54] [ 79 124  76] [ 84 166 112] [ 96 115  88] [ 96 161 113] [ 69 102  62] [ 88 177 111] [ 77 138  92] [ 42  47  24] [ 44  65  31] [ 17  29  10]],[[ 53  72  36] [ 75 153  94] [ 27  49  21] [124 122  97] [ 26  63  17] [109 164 109] [ 40 102  35] [ 70 130  82] [ 97 127  90] [ 85 177 122] [109 127  90] [ 58  86  49] [ 43  71  37] [ 49  48  32] [ 42  64  30] [ 42  41  20]],[[ 34  76  24] [ 40  74  42] [ 72 124  65] [126 134 107] [ 94 145  74] [ 39  78  49] [ 53 127  68] [ 29  69  22] [ 86 117  74] [ 55  98  42] [ 77 103  65] [ 91 137  85] [ 67  71  47] [ 88  91  66] [ 33  79  32] [ 52  50  38]],[[  8  35  29] [ 25  51  23] [ 28  57  26] [ 89  93  73] [102 178 128] [ 71 118  84] [ 88 172 119] [106 193 141] [ 91 107  80] [ 95 166 116] [170 162 123] [158 177 114] [ 65  78  46] [ 51  97  55] [ 18  58   9] [ 38  43  30]],[[ 81 167 106] [ 80 143  80] [ 79 172 119] [ 69  78  56] [ 95 175 134] [103 122  95] [103 190 131] [ 89 171 108] [ 93 177 123] [115 197 151] [100 177 127] [107 112  60] [ 44  43  33] [ 36  51  38] [ 20  23  18] [ 76  89  61]],[[ 58 121  67] [ 82  72  68] [ 77 140  90] [ 76  82  65] [ 50 110  62] [109 114  93] [ 46  90  60] [ 41  56  45] [157 139  96] [142 125  83] [102  87  48] [ 95  84  55] [ 82  73  48] [ 54  58  33] [ 41  84  24] [ 59  84  63]],[[ 13  21  18] [ 59  61  57] [ 34  53  35] [ 62  62  47] [ 74  90  47] [ 46 108  62] [ 51 124  67] [ 73 158  97] [130 110  68] [131 113  71] [ 84  71  38] [ 76  61  35] [ 79  60  36] [ 46  52  26] [ 65  73  30] [ 21  24  16]],[[ 21  31  13] [ 81  83  74] [ 34  43  16] [ 57  77  74] [ 43  50  27] [  4   4   8] [  2   8   6] [ 19  34  24] [113  98  60] [ 98  83  49] [ 73  57  33] [ 75  62  39] [ 56  48  22] [ 51  52  30] [ 63  88  58] [ 46  76  29]],[[ 13  15  10] [ 37  41  38] [ 36  27  10] [ 74 145  78] [ 52  44  23] [ 67  50  29] [ 76  73  40] [ 90  77  48] [ 74  73  28] [204 173 129] [ 86  69  39] [ 59  66  28] [ 45 103  39] [ 65 101  51] [ 25  94  33] [ 31  77  36]],[[ 16  15  14] [  4   6   7] [ 27  22   8] [  3  14   6] [ 29  29  19] [ 53  61  36] [ 47 124  73] [ 80 154  88] [ 87 135  83] [100 162  90] [ 49  63  28] [ 68 126  69] [ 14  47  22] [ 55 103  62] [ 62 113  58] [ 62  93  63]],[[ 12  10   9] [ 46  32  17] [ 38  31  19] [ 13  11  10] [ 39 207 232] [ 39  38  12] [ 65  48  24] [ 97 156  94] [ 47 123  70] [ 79 147  92] [ 49 106  53] [ 61 113  61] [ 51 116  74] [ 19  49  37] [ 49  91  43] [ 63 114  61]]
forest4.jpg,[[ 94 181 168] [133 214 221] [167 242 237] [162 248 241] [124 213 223] [114 233 222] [ 51 207 183] [ 54 130 124] [ 24  70  67] [ 24 130  87] [ 29  90  60] [ 22 119  79] [ 68 164 128] [ 48 157 126] [255 255 245] [ 24 122  82]],[[200 255 255] [255 255 255] [184 248 249] [180 251 249] [138 234 231] [ 84 190 189] [109 205 194] [ 54 139 141] [ 52 119 123] [ 20 135 118] [ 53 207 172] [ 17 144 112] [ 45 146 100] [  5 120  80] [ 57 251 216] [ 13 130  62]],[[119 208 221] [159 237 242] [190 247 252] [181 247 250] [152 229 231] [109 214 214] [119 204 194] [ 73 166 167] [ 28 171 144] [ 37  96  80] [ 11 131  93] [ 44 114  90] [  0  82  42] [ 21 101  64] [ 46 171 124] [ 59 240 204]],[[ 98 183 178] [141 240 238] [138 233 237] [121 227 228] [144 220 215] [ 99 196 190] [119 190 184] [142 240 215] [ 27 118  86] [ 39  94  84] [ 78 171 156] [ 24  87  76] [ 37 138  95] [  0  45   4] [  5 104  52] [ 60 199 114]],[[ 79 200 182] [184 247 242] [101 182 188] [106 206 209] [ 75 151 155] [ 62 156 159] [ 48 156 124] [ 44 131 107] [ 44 104  86] [ 33  84  66] [ 77 176 133] [ 25 109  73] [ 30  93  64] [ 15  87  45] [ 26  67  32] [  9  99  43]],[[ 64 156 163] [109 242 223] [ 59 145 145] [ 65 180 167] [ 75 160 165] [ 93 187 160] [119 210 194] [170 255 252] [ 77 142 132] [ 13 125  81] [ 13 128  90] [  0 121  80] [  0  86  37] [ 11  46   0] [  7  60  13] [  0  55   5]],[[ 59 165 130] [ 45 135 118] [ 43 116 109] [ 51 144 135] [ 60 139 136] [ 66 151 129] [ 18 196 148] [  0 186 142] [ 14  78  69] [ 20  81  69] [  2 108  61] [ 27 113  74] [  0  73  20] [  5  16   0] [  1  77  40] [ 62 117  88]],[[ 18  90  80] [ 22  77  68] [ 30 137 114] [ 75 156 138] [118 180 172] [ 26 131 101] [ 50 138 108] [  0 133  89] [  4  64  54] [  2  66  56] [  2 111  78] [  0  36   3] [  5  85  49] [  2  67  20] [  0  60  19] [ 11 133  75]],[[ 20  78  50] [ 15  69  62] [  0 105  72] [ 27  68  52] [  8  81  66] [ 18  93  70] [ 17  83  57] [ 28  97  76] [  0  37  23] [  4  52  38] [ 13  68  52] [  0  15   0] [ 43 100  63] [ 25  80  41] [ 11  46  16] [  7  30   0]],[[  6  59  39] [  8  65  50] [ 52 200 129] [  4  40  24] [ 30 145 107] [  0  80  45] [ 24  83  56] [ 99 219 197] [ 68 119  94] [  0  24  23] [ 93 149 120] [  0  29   6] [  0  13   0] [ 16  96  53] [  0  33   5] [  0   2   0]],[[ 95 195 150] [  7  67  53] [ 14 149  92] [ 62 112  99] [ 74 168 119] [ 11  69  44] [ 13  48  23] [111 183 149] [  0  42  23] [ 16  67  79] [  6  62  14] [121 238 221] [  0 117  66] [  0  55  12] [  0  26   0] [  9  38   9]],[[ 22  66  48] [ 90 157 158] [ 44 118 107] [  6  38   8] [  1  65   5] [ 45 136  96] [ 32 125  78] [ 12  68  28] [  7  63  20] [ 39 104  66] [  5  50  23] [  3  26   4] [  0  40   0] [ 16  68  28] [  2  38   6] [111 194 143]],[[  0  72  35] [  3 119  82] [ 54 116 128] [  4  29   5] [  3  29   1] [ 42 116  75] [222 255 255] [128 200 185] [ 21  57  61] [ 20  69  27] [  7  36  14] [ 14 175 121] [120 242 199] [ 17  96  41] [  1 141  98] [ 10  85  43]],[[ 17  83  54] [ 15  70  33] [ 39 143 100] [ 61  96  63] [  0  37   3] [  1  58   9] [  0  25   0] [  0  21   0] [  9  27   0] [  0  33   2] [ 14 129  87] [  0  96  46] [  2  71  18] [  4  57  20] [  0  51  14] [ 25  69  42]],[[  0   9   0] [  5  34   0] [  5  34   0] [ 41 106  69] [  0  29  10] [ 17  83  36] [ 22  73  29] [ 30  87  82] [ 13  86  33] [  2  46   8] [ 88 164 131] [208 255 255] [ 18  75  38] [ 64 131 105] [ 51 121  74] [ 16 172 128]],[[ 55 152 183] [  1  38   0] [  1  37   3] [ 31 103  50] [  0  29   0] [ 10  78  35] [  0  94  53] [ 23  91  60] [  0  85  26] [  0   5   0] [  0  36   0] [  4  48  21] [  0   7   0] [ 56 122  88] [  0   4   0] [  1  22   2]]
forest5.jpg,[[ 80 187 110] [ 18  62  17] [ 13  46  17] [  4  78  15] [  9   9   2] [  9  86  12] [ 33 170 131] [  0  26  17] [ 34 103  91] [234 240 243] [  1  40   1] [  2  81  14] [201 232 232] [ 34  82  53] [204 253 245] [ 51 116  66]],[[ 33 229 190] [ 17 117  59] [ 14  84  20] [  3  54   2] [  4   2   5] [ 84 255 232] [  5  89  24] [  7  54   9] [  0  61  40] [ 23 139 123] [  0  93  69] [246 254 251] [174 250 237] [  4  35   8] [ 11  25  19] [ 69 169 127]],[[  0   7   1] [  6  60   3] [  5  87  12] [ 17 102  53] [ 22  74  22] [  8 109  35] [ 22 146  86] [  6  76  64] [ 20 122 111] [  6 124  88] [  0  82  35] [ 70 159 131] [ 21  76  36] [  8  50   7] [ 67 160 126] [ 91 195 157]],[[ 44  73  48] [  4  66   5] [ 21 103  19] [ 97 199 143] [ 19  96  34] [ 51 124  74] [ 98 209 150] [ 17 140 120] [207 246 244] [  0 179 143] [ 10 117  73] [ 28  90  42] [ 21 121  69] [ 19  73  48] [  4 133  72] [ 15 103  49]],[[  9   3   7] [  4  29  13] [ 10  48  10] [ 25 124  52] [ 10  53  12] [ 22  85  11] [ 39 118 100] [ 55 201 118] [ 39 183 163] [ 33 201 182] [ 14  74  27] [ 14 117  31] [ 30  59  20] [ 18  88  11] [ 74 159 104] [ 33 167  81]],[[ 20  40  19] [  3   4   0] [  6  63   9] [ 18  82  21] [  3  85   3] [  0   6   0] [  0  82   2] [ 13 144  20] [ 42 134  93] [  9  99  65] [  0  66   3] [ 15  75  16] [  6  19   5] [ 11  52  10] [ 30 152  65] [ 12  70  20]],[[  1   1   1] [ 18  50  43] [  8  35  22] [ 12  72  23] [  4  47   3] [  4  37   9] [ 31  66  46] [ 19  62  25] [  0  33  17] [ 35  60  49] [ 38 121 100] [ 11   0   5] [  0  29  19] [ 45 109  50] [  9 102  13] [ 48 101  45]],[[  7 130  14] [ 16 128  20] [  0  97  10] [ 70 135 131] [ 54 123 105] [ 59 146  77] [ 54 189 131] [ 15 115  51] [ 13 150  98] [ 13 185 134] [  5 104   5] [ 23 126  64] [  3 100  26] [ 10  93   5] [  0  90   5] [  3  85   4]],[[  3 112   4] [  6 120   6] [  3 129   5] [  3 125   7] [ 10 125  31] [ 32 138  63] [  9 144  94] [  3 108   5] [  6 100   4] [  8 106   6] [ 17 114  16] [  7 121  22] [ 16 123  24] [  2  99   3] [  8  98   8] [  6  86   5]],[[  3 116   3] [ 10 122  10] [  5  84   1] [  7 116  19] [ 29 174 102] [ 58 186 114] [ 10 116  10] [  8  85   2] [  0  77   0] [  0  96  20] [ 25 162  87] [ 11 107  22] [  4 107   7] [  1  83   1] [ 20 124  53] [  4  76   6]],[[ 10 115  11] [  5 100   5] [ 45 146  59] [ 43 156  92] [ 22 166  65] [  6 103   5] [  8 109   9] [ 14 123  21] [  5 114  20] [ 34 164  78] [ 77 209 131] [ 10 126  23] [ 16 134  39] [  9 105   9] [ 10  91  11] [  4  95   6]],[[ 51 203 136] [ 27 161  93] [ 36 208 121] [ 20 149  51] [  5 133  27] [ 14 104  12] [ 20 129  54] [ 10 114  12] [ 39 142  62] [ 11 105   8] [  4 132  57] [  7 120  18] [ 24 143  32] [ 20 116  10] [  2  94   2] [  2  80   0]],[[  5 111  30] [ 32  99  43] [ 54 165  65] [ 40 146  70] [  5 103   3] [  9  88   8] [ 20 125  33] [  1  81   0] [ 14 143  43] [ 30 148  68] [ 15 112  10] [ 21 111  48] [ 39 177 103] [  0  88   0] [  6  99   4] [ 29 131  19]],[[  0  72  34] [  0 116  51] [ 24 106  21] [ 15  84  11] [  7  93   8] [  5 110  14] [ 41 149  49] [  8 117   6] [  2 106  10] [ 20 112  34] [ 37 188 137] [  0  90   5] [  7  95   9] [  0  92   2] [ 27 112  28] [ 24 109  25]],[[  0 123  74] [ 11  69  15] [ 23 123  40] [ 20 100  20] [  9  87   6] [ 34 139  64] [  5  81   3] [ 13 114  11] [  4  97   0] [  8 140  74] [  0  96  23] [ 18  98  13] [ 25 116  30] [ 12 114  13] [  8  92   6] [  5  98  10]],[[  1  78   7] [ 89 203 132] [ 14  67  13] [ 13  76  11] [ 21 107  21] [ 13  83  10] [ 28 120  28] [  0  61   0] [  8  87   6] [ 11  79   4] [ 45  99  16] [ 21 102  29] [ 72 154  88] [  0  57   0] [ 45 119  41] [ 12  75  10]]
pyramid1.jpg,[[255 255 255] [255 253 252] [249 241 241] [252 254 254] [253 249 243] [241 216 190] [240 210 191] [235 210 184] [236 204 178] [236 204 176] [238 205 183] [237 202 188] [239 209 191] [246 239 244] [234 207 192] [228 189 165]],[[254 254 254] [255 254 254] [246 241 238] [250 250 250] [251 239 242] [244 219 203] [240 213 192] [238 215 199] [231 208 186] [241 206 193] [231 234 244] [249 254 253] [249 219 214] [254 241 243] [239 203 177] [238 199 175]],[[241 238 234] [244 239 237] [242 234 231] [246 234 227] [240 232 232] [242 218 200] [239 216 194] [241 212 197] [241 216 200] [246 250 253] [255 255 255] [255 255 255] [255 248 249] [255 241 245] [246 230 233] [234 199 179]],[[237 227 221] [238 231 228] [236 224 222] [239 228 224] [237 225 224] [241 226 219] [243 217 201] [235 211 194] [250 239 247] [255 255 255] [251 251 252] [253 247 248] [255 241 249] [246 230 233] [244 212 213] [238 203 198]],[[225 216 206] [230 215 213] [225 213 211] [223 212 208] [227 215 213] [232 239 238] [245 231 233] [237 215 203] [243 237 238] [246 242 248] [236 228 229] [236 228 229] [234 221 223] [255 241 249] [249 230 233] [244 230 235]],[[217 208 198] [217 207 200] [214 206 200] [218 206 204] [219 216 212] [238 232 233] [233 224 224] [236 216 211] [233 222 224] [233 220 214] [234 216 219] [234 221 223] [237 219 229] [ 73 127 160] [241 231 244] [243 224 227]],[[216 207 197] [211 208 203] [221 217 216] [255 251 254] [220 214 215] [226 215 207] [239 226 223] [240 212 213] [ 78 157 192] [228 207 207] [231 213 211] [231 212 215] [ 93 172 217] [ 58 129 167] [ 76 141 176] [224 206 209]],[[221 212 202] [227 226 226] [121 174 207] [ 69 111 143] [223 222 218] [230 224 225] [228 222 223] [237 230 221] [ 33  87 127] [ 22  51  77] [224 218 219] [ 77 167 202] [ 60 140 187] [ 66 129 169] [ 75 137 171] [ 92 159 191]],[[226 210 201] [203 189 191] [ 42  77 110] [ 18  70 100] [100 153 191] [213 212 208] [221 215 216] [227 212 210] [123 199 236] [ 26  60  67] [236 209 217] [ 86 166 213] [ 72 154 197] [116 184 220] [ 63 133 176] [ 59 112 155]],[[ 85 154 184] [ 77 125 155] [ 85 146 175] [ 69 134 166] [ 66  97 129] [215 201 187] [216 211 209] [156 194 218] [ 25 104 137] [ 71 127 166] [ 83 147 198] [ 88 175 212] [111 180 206] [ 98 175 204] [ 65 176 204] [ 80 150 184]],[[ 99 178 203] [108 188 226] [140 200 229] [150 204 235] [122 183 211] [141 202 230] [ 93 166 192] [110 158 185] [ 83 172 230] [  6  56  89] [ 54 125 168] [ 76 167 214] [ 49 122 155] [100 169 211] [163 212 249] [129 196 224]],[[ 32  80 108] [  0  16  47] [ 84  96 111] [ 39  79 112] [  6  46  82] [137 218 234] [ 32  41  84] [ 22  96 144] [105 148 198] [ 24  62  94] [ 11  41  83] [ 35 110 158] [115 212 252] [118 207 238] [125 203 249] [ 94 177 207]],[[ 30  62 105] [ 82 122 155] [  8  58  88] [ 12  42  74] [ 85 135 167] [ 14  58  97] [ 26  60  97] [ 73 159 176] [ 32 106 137] [ 89 123 160] [158 211 231] [ 34  62 105] [ 35 132 173] [ 39 120 167] [ 41 122 175] [  0   1  46]],[[  3  48  76] [ 23  76 102] [ 36  66 100] [ 19  62  83] [  6  17  16] [101 139 174] [ 46  81 133] [100 169 214] [ 34  87 121] [ 29 121 168] [ 91 165 203] [ 43 133 179] [ 45 131 177] [ 51 148 191] [ 95 129 171] [ 41 121 169]],[[133 202 226] [ 87 185 209] [ 37 103 141] [ 95 191 231] [ 17  52  87] [ 15  66 106] [  8  56  92] [ 71 144 183] [ 15  64 100] [ 32  90 124] [ 30 118 147] [104 170 204] [ 46 155 200] [ 58 143 185] [ 42 117 159] [ 99 158 182]],[[  8  61  97] [ 24  60  95] [ 58 102 137] [ 25  55  84] [  0  59  85] [ 50  77  98] [ 41 102 124] [ 56  74 130] [  0  38  77] [ 27  78 114] [ 26  42  54] [  5  56 103] [ 52 145 198] [ 92 203 225] [ 44 149 195] [ 71 164 185]]
pyramid2.jpg,[[216 174 127] [219 178 132] [221 183 137] [227 185 141] [228 186 141] [227 185 145] [229 186 144] [225 184 140] [223 181 135] [224 182 139] [222 180 135] [219 177 129] [215 174 126] [214 169 128] [204 161 118] [206 161 114]],[[215 179 136] [221 185 140] [228 189 149] [226 189 151] [227 189 148] [229 191 149] [229 190 150] [228 189 149] [229 189 144] [227 186 143] [225 184 143] [221 180 141] [218 176 136] [213 171 129] [209 168 127] [201 162 119]],[[219 184 145] [227 189 154] [226 193 157] [233 195 160] [232 193 158] [234 198 161] [233 196 161] [234 198 160] [229 193 154] [224 190 151] [223 187 147] [219 184 143] [218 182 141] [216 179 140] [208 171 136] [204 167 129]],[[222 189 154] [224 193 158] [228 194 162] [227 194 162] [231 200 169] [232 199 164] [230 199 165] [232 197 162] [233 196 162] [228 193 157] [227 191 155] [225 188 154] [218 185 150] [217 183 148] [215 178 143] [207 172 137]],[[221 192 156] [227 198 164] [229 200 168] [228 198 170] [234 206 172] [236 203 176] [232 202 173] [237 203 171] [231 200 168] [233 198 168] [227 193 162] [223 192 162] [217 187 158] [214 185 158] [208 180 151] [205 173 147]],[[222 195 168] [225 198 172] [229 200 173] [232 203 176] [235 205 180] [233 203 178] [236 207 180] [233 204 177] [234 204 180] [114 139 177] [226 199 172] [224 196 171] [219 192 166] [213 188 160] [206 182 156] [202 176 150]],[[221 196 170] [224 202 175] [228 204 180] [229 204 183] [233 209 185] [234 210 188] [204 235 249] [ 34  53  84] [213 241 255] [121 153 189] [225 201 179] [223 200 178] [218 191 171] [212 187 167] [207 182 160] [201 176 156]],[[216 199 176] [223 203 183] [227 205 182] [229 207 189] [231 207 186] [235 212 195] [ 63  97 137] [ 74  96 141] [166 201 231] [ 64  92 125] [ 81  98 132] [220 199 182] [216 195 178] [211 190 173] [204 183 165] [200 177 161]],[[217 197 181] [219 203 185] [221 205 187] [227 207 191] [229 208 193] [ 68 104 131] [ 43  67 103] [ 35  55  85] [ 78  94 128] [101 124 154] [133 165 199] [160 188 217] [ 79  80  94] [205 187 176] [199 182 169] [196 179 166]],[[213 198 180] [216 201 184] [221 205 191] [223 206 193] [224 205 198] [183 223 250] [ 37  54  76] [ 45  66  95] [ 30  56  90] [ 65  91 120] [189 219 236] [ 48  67  94] [165 191 220] [204 187 178] [197 181 173] [191 174 167]],[[207 194 182] [209 198 186] [218 202 194] [223 203 196] [128 173 218] [131 181 218] [183 223 242] [  0  11  40] [ 31  51  96] [ 48  63  93] [ 91 129 159] [ 73  84 114] [ 49  62  85] [ 80  96 122] [194 182 173] [187 174 166]],[[205 192 180] [204 197 185] [ 46  94 135] [183 229 249] [ 99 134 179] [ 44  65 102] [ 24  40  67] [184 212 241] [144 196 245] [ 26  42  72] [ 49  75 123] [184 226 255] [131 164 191] [ 79  92 120] [149 134 132] [184 172 165]],[[166 200 221] [139 185 217] [ 28  58 108] [ 61 114 145] [102 153 185] [ 51  94 141] [151 196 231] [ 77 118 145] [ 23  33  51] [ 33  62  98] [ 16  41  66] [ 80 104 127] [  0   0   0] [ 35  59  88] [ 80  96 124] [145 172 194]],[[177 210 233] [167 206 230] [168 205 236] [195 233 255] [197 228 250] [192 229 255] [148 183 217] [198 223 238] [191 221 246] [205 229 240] [207 232 253] [225 246 255] [226 246 253] [171 206 233] [138 180 215] [162 202 235]],[[115 160 196] [150 197 228] [163 202 234] [142 187 219] [181 220 248] [133 184 224] [154 201 228] [141 188 226] [195 232 251] [176 214 247] [190 226 252] [177 209 238] [183 219 247] [154 198 231] [159 198 226] [131 184 223]],[[130 178 214] [149 197 233] [150 200 234] [156 202 237] [135 178 213] [133 184 216] [169 216 246] [152 196 231] [152 196 231] [171 213 244] [184 220 255] [166 207 240] [147 195 232] [160 212 245] [128 181 223] [143 189 226]]
pyramid3.jpg,[[174 126  78] [170 120  78] [165 122  78] [164 121  78] [167 123  78] [165 121  80] [166 120  79] [163 121  79] [164 124  84] [161 123  83] [164 121  80] [164 123  80] [163 121  79] [165 122  83] [164 122  80] [161 118  76]],[[172 128  87] [172 128  87] [170 125  88] [169 128  89] [167 128  90] [168 129  91] [167 128  90] [140 124 119] [ 94 148 186] [163 127  93] [161 124  90] [163 126  92] [163 126  92] [162 129  90] [164 129  89] [161 125  85]],[[174 136  93] [171 136  96] [173 132  93] [170 135  95] [172 134 100] [170 132  98] [166 134  98] [ 68 132 182] [ 78 137 186] [ 76 138 198] [159 129  98] [163 130  97] [164 132  97] [164 132  97] [164 132  97] [165 127  93]],[[174 142 106] [171 139 103] [173 141 105] [167 140 103] [166 140 104] [167 138 107] [ 35  87 126] [ 47  99 146] [ 74 137 184] [ 66 115 158] [167 135 108] [165 136 105] [165 136 105] [165 136 105] [167 138 107] [164 135 104]],[[172 144 109] [171 143 109] [172 144 110] [173 145 111] [175 144 113] [179 140 118] [ 42  92 131] [ 54 106 152] [ 86 137 177] [ 28  78 124] [ 56 110 153] [170 142 112] [170 143 109] [168 141 107] [170 139 108] [167 138 107]],[[177 150 116] [178 151 117] [176 148 117] [177 148 117] [173 146 118] [ 29  78 116] [ 54 106 152] [ 59 113 153] [ 28  79 119] [ 70 117 160] [ 43  91 136] [ 60 104 144] [166 147 120] [167 143 115] [169 145 116] [171 144 114]],[[169 154 128] [171 152 125] [171 153 136] [169 155 127] [ 61 118 171] [ 24  75 117] [ 17  73 112] [ 60 112 155] [ 26  74 120] [ 57 114 152] [ 26  75 125] [ 57 120 168] [124 127 125] [167 150 127] [165 151 128] [165 149 126]],[[172 159 136] [167 156 134] [ 77 158 217] [ 40  98 150] [ 29  83 127] [  0  55  89] [ 86 145 187] [ 53 103 146] [ 65 113 159] [ 53 118 159] [ 83 149 194] [ 89 139 189] [ 40  97 140] [167 154 139] [166 155 135] [163 153 135]],[[169 159 144] [169 159 142] [ 59 150 203] [ 77 165 202] [  0   0   0] [ 63 128 168] [ 61 110 155] [ 55 115 159] [ 47  98 141] [ 82 128 170] [ 63 117 161] [  9  65 115] [ 35  87 118] [ 56 108 151] [159 154 154] [164 155 144]],[[165 160 151] [ 48 120 157] [ 33  93 145] [  3   2   4] [  0   0   0] [ 58 121 159] [ 29  86 133] [ 44  99 146] [ 17  79 130] [ 85 143 194] [ 17  73 114] [ 13  85 125] [ 14  65 106] [ 41 101 153] [ 56 101 132] [157 155 147]],[[158 161 159] [106 149 175] [ 64 138 182] [  1   2  14] [  0   0   0] [ 85 151 200] [ 62 132 173] [ 60 117 168] [ 34  87 125] [ 51 111 160] [ 55 129 181] [ 14  72 118] [ 48 115 163] [ 83 143 183] [ 33  85 133] [155 158 157]],[[107 168 214] [134 214 251] [  0  63 100] [ 66 142 184] [ 99 179 220] [ 18  46  78] [140 217 248] [ 50 124 166] [124 204 242] [ 83 163 204] [135 213 248] [128 210 255] [121 199 242] [137 224 251] [ 72 162 216] [ 34 102 149]],[[159 214 247] [114 198 240] [ 79 147 190] [ 66 133 174] [ 95 171 213] [ 58  98 127] [102 186 234] [ 41 110 160] [ 80 158 195] [ 53 127 161] [120 198 237] [138 211 242] [ 91 161 201] [150 234 255] [119 204 240] [ 61 117 148]],[[ 97 180 219] [118 189 222] [108 179 220] [ 17  74 108] [110 181 218] [  0   1  17] [122 211 245] [109 198 236] [ 78 167 214] [ 35 115 170] [  1  69 113] [ 99 189 245] [ 80 133 163] [103 193 248] [ 37 101 143] [  7   1   5]],[[ 60 154 209] [139 210 250] [135 210 252] [103 165 198] [105 181 223] [ 49 109 150] [ 38 147 197] [ 63 166 215] [ 47 139 192] [ 96 198 247] [ 89 181 235] [ 93 186 239] [ 50 121 172] [ 88 155 200] [ 52 116 157] [ 62 140 183]],[[110 163 197] [131 195 237] [ 36  98 133] [111 195 230] [ 52  92 114] [107 170 208] [  4  33  76] [ 50 135 180] [ 82 179 235] [ 89 173 225] [  5   4   3] [  6  50 111] [  3  66 112] [ 83 167 213] [ 65 150 200] [ 55 130 171]]
pyramid4.jpg,[[216 204 194] [223 211 203] [224 212 202] [218 194 172] [226 208 191] [231 216 203] [218 187 154] [105 152 199] [216 197 174] [208 168 116] [223 207 191] [214 185 158] [197 162 118] [125 170 219] [181 132  67] [170 124  53]],[[220 211 202] [214 201 187] [216 200 188] [218 199 180] [208 176 140] [206 163 106] [ 94 151 205] [ 11  46  86] [108 166 225] [215 189 159] [211 175 135] [195 146  70] [100 156 201] [121 173 224] [186 126  56] [172 132  67]],[[205 187 170] [209 192 175] [214 200 185] [202 162 109] [206 168 114] [208 174 128] [  9  38  69] [  8  36  70] [145 193 239] [202 155  81] [199 150  74] [195 146  70] [ 55 107 158] [102 167 222] [105 169 223] [171 127  50]],[[191 164 133] [203 184 163] [204 181 153] [207 180 146] [208 179 140] [209 170 121] [  8  37  68] [  1  43  85] [ 92 155 214] [ 15  71 125] [204 163 108] [ 92 138 186] [ 98 167 227] [123 188 243] [109 170 226] [103 162 218]],[[194 190 186] [204 199 196] [203 191 181] [212 204 197] [212 188 155] [213 194 173] [  6  37  70] [  2  44  88] [104 182 242] [  6  62 117] [210 194 177] [ 33  80 127] [104 164 222] [ 99 166 223] [ 96 160 215] [103 166 221]],[[177 168 158] [184 174 164] [189 176 162] [ 67  78 106] [ 92 137 188] [201 188 172] [ 33  56  88] [ 16  48  83] [123 188 239] [ 99 164 223] [ 81 130 179] [ 52  86 125] [105 172 227] [111 177 236] [ 95 162 217] [111 168 223]],[[164 200 236] [171 168 173] [175 174 176] [ 64 109 160] [ 91 134 185] [ 29  67 109] [155 202 249] [142 195 245] [156 209 252] [111 168 219] [ 79 136 188] [ 86 154 213] [115 187 244] [110 186 243] [133 199 252] [ 54 121 178]],[[149 194 237] [ 17  61 106] [ 43  87 134] [ 23  71 119] [ 37  82 129] [  1  54 105] [126 182 233] [143 200 251] [156 207 250] [136 198 248] [140 189 237] [114 188 246] [121 187 242] [ 98 169 229] [119 189 247] [ 63 130 185]],[[ 82 152 207] [ 27  69 112] [ 39  69 104] [ 27  63 103] [ 15  56  96] [ 35  71 114] [101 165 220] [131 184 234] [ 33 101 162] [110 172 228] [131 181 227] [ 90 147 202] [ 96 162 214] [123 173 225] [ 34  76 122] [117 166 214]],[[ 20  44  74] [ 32  73 114] [ 17  63 110] [ 26  70 114] [ 10  49  88] [ 31  58  92] [122 183 234] [165 210 247] [124 179 230] [ 90 155 210] [137 195 247] [ 27  76 126] [ 40  78 120] [ 26  78 131] [ 32  82 134] [ 82 128 175]],[[ 17  35  56] [ 25  62 100] [ 11  51  90] [ 20  57  95] [  8  45  83] [ 29  61 102] [128 191 241] [129 190 243] [ 15  86 150] [ 96 161 216] [ 88 155 215] [ 91 145 196] [142 187 234] [ 21  81 140] [172 208 241] [ 49  64  90]],[[ 96 155 211] [104 160 213] [ 96 159 213] [127 179 232] [136 182 233] [143 188 232] [ 97 159 213] [132 192 245] [ 81 138 192] [149 198 243] [157 210 250] [ 42  93 145] [ 31 105 171] [ 25  87 147] [ 41 103 161] [ 28  70 115]],[[104 160 215] [ 85 149 208] [100 164 222] [ 86 151 212] [102 165 223] [ 98 162 217] [113 171 227] [140 188 230] [119 186 241] [ 64 121 177] [142 193 243] [160 200 239] [ 11  76 133] [  0  78 150] [  2  69 133] [ 21  81 135]],[[111 173 229] [117 174 229] [160 195 230] [163 192 223] [162 192 222] [116 174 229] [129 177 226] [119 174 229] [ 59 113 165] [114 163 214] [157 200 243] [122 168 215] [ 11  57 105] [ 40  83 132] [ 98 148 200] [ 95 150 204]],[[103 160 210] [ 97 157 210] [ 91 158 216] [ 25  59  95] [164 190 220] [172 201 228] [172 202 229] [ 26  59  98] [ 54 138 200] [ 28  77 126] [ 51 114 174] [149 197 249] [ 24  64 110] [ 42  63  88] [ 73  98 124] [ 86 164 227]],[[132 185 232] [113 173 225] [107 160 216] [121 173 224] [ 27  50  77] [ 17  58  98] [151 179 209] [167 195 225] [129 157 187] [146 176 205] [100 165 219] [ 21  86 146] [  8  60 116] [125 177 228] [139 185 232] [ 17  38  68]]
trip1.jpg,[[255 115  44] [255 116  43] [253 106  39] [255 102  35] [253 166 119] [253 103  36] [251  95  26] [254  94  30] [249  83  16] [254  86  22] [255  89  23] [255  80  19] [255  80  19] [255  77  17] [253  73  15] [255  73  17]],[[252 122  47] [253 117  44] [252 115  45] [255 118  49] [254 145  82] [252 105  35] [254 105  41] [255 101  32] [255 101  32] [255  96  28] [254  89  23] [254  92  20] [254  87  20] [253  81  19] [253  77  16] [254  76  17]],[[254 128  56] [254 128  53] [255 126  54] [255 139  63] [255 119  47] [252 114  42] [253 111  41] [252 127  62] [250 114  49] [254 121  57] [253  98  29] [254  98  29] [255  98  28] [253  90  21] [255  88  21] [255  90  23]],[[255 143  63] [255 136  60] [253 132  58] [252 129  58] [143  72  46] [245 126  46] [252 121  51] [255 128  60] [254 117  48] [250 118  51] [255 157 107] [255 151  92] [255 113  42] [252 105  32] [252  97  28] [255 100  31]],[[255 156  73] [253 148  69] [254 146  69] [255 147  71] [255 146  66] [252 143  69] [255 138  62] [255 130  56] [252 137  67] [251 119  49] [255 123  49] [255 118  45] [254 126  48] [252 133  67] [254 113  40] [255 110  34]],[[255 196 142] [255 188 139] [253 174 115] [254 161  92] [200 169 154] [249 151  89] [ 69  60  73] [253 146  72] [253 140  67] [253 144  65] [254 141  65] [255 143  63] [254 134  62] [246 148  90] [255 148  80] [255 143  72]],[[254 187 124] [255 185 125] [255 179 123] [255 180 114] [254 171 108] [ 27  13  14] [ 58  61  70] [ 24  17  14] [255 169  97] [246 169 112] [247 160  98] [250 158  88] [235 154 104] [244 153  89] [249 154  98] [231 159 115]],[[244 204 176] [244 198 174] [233 194 169] [240 192 170] [226 183 150] [253 252 253] [171 160 150] [156 144 145] [228 166 129] [156 149 154] [229 165 131] [223 152 113] [224 154 108] [228 148  99] [232 143  93] [238 145  96]],[[242 189 154] [242 183 144] [226 166 114] [228 155 104] [233 151  95] [255 255 255] [253 251 251] [230 229 230] [209 205 211] [130 126 152] [127 125 141] [130 116 128] [143 123 134] [209  82  31] [222  73  21] [201 187 185]],[[202  83  27] [203  80  30] [191  74  23] [188  68  27] [175  69  29] [245 247 247] [253 253 251] [ 63  21   9] [ 80  87 101] [126 132 162] [114 111 137] [118 107 124] [ 81  78  81] [194 194 194] [203 206 199] [248 248 251]],[[190  69  25] [182  62  16] [179  56  18] [174  58  17] [237 228 232] [ 29  30  38] [253 253 253] [ 69  24  16] [125 124 142] [  1  96 197] [112 108 135] [ 90  78  92] [115  97 112] [142 147 147] [143 133 124] [ 35 140 233]],[[174  54  11] [174  55  20] [166  49  17] [157 201 210] [223 216 223] [178 181 179] [  1  28  34] [108 120 131] [ 49  56  73] [ 27 123 245] [  0  12  59] [  0  14  70] [ 14 104 203] [ 78 101 145] [  0   0   0] [  4  48 111]],[[148  39   8] [137  45  18] [255 255 255] [130 118 113] [ 22  81 170] [  5  76 183] [  0  56 155] [ 32  29 114] [ 27  29 100] [  8  16  72] [ 33  52 132] [  3  25  85] [  5   2   3] [ 72  87  85] [  2   6  10] [  0  10  54]],[[222 222 217] [220 219 221] [153 172 175] [ 58  51  34] [194 203 202] [164 178 197] [144 163 186] [196 196 202] [  7   6   2] [ 40  50  95] [  0   4   1] [  2   1  46] [229 234 234] [245 245 245] [197 187 193] [173 158 162]],[[223 223 222] [125 153 135] [126 129 132] [207 205 214] [218 215 222] [219 218 226] [170 165 179] [148 142 143] [137 138 145] [139 142 152] [151 156 166] [153 150 163] [232 242 240] [235 236 237] [188 188 199] [225 221 217]],[[142 142 138] [  0   4   0] [141  76  46] [ 98  69  68] [165 169 173] [158 157 157] [200 198 198] [178 178 179] [103 102 111] [204 205 209] [200 202 210] [227 229 238] [189 167 171] [230 222 223] [190 180 180] [174 162 163]]
trip2.jpg,[[236 194 149] [243 200 157] [248 212 176] [243 198 153] [241 192 142] [242 188 133] [236 198 174] [234 193 151] [236 176 109] [234 170  99] [232 166  88] [226 160  77] [226 153  71] [220 146  65] [213 135  54] [201 120  46]],[[245 205 163] [249 207 165] [255 242 228] [253 205 163] [245 200 157] [243 205 173] [250 233 220] [239 212 187] [244 228 212] [232 183 133] [235 172  98] [232 167  92] [228 162  83] [223 157  74] [218 147  59] [213 136  57]],[[254 240 228] [251 239 229] [255 247 237] [251 239 230] [251 235 218] [246 205 166] [243 195 147] [239 200 162] [236 208 184] [233 193 152] [236 178 106] [236 173 103] [233 170  91] [230 166  83] [221 157  68] [216 146  66]],[[248 232 215] [252 238 226] [246 230 217] [249 240 230] [248 211 173] [249 206 163] [247 201 153] [245 198 146] [242 195 133] [241 189 123] [241 185 119] [235 182 109] [233 178 103] [229 173  93] [225 166  86] [218 156  70]],[[240 224 211] [251 241 232] [245 229 213] [248 232 219] [244 220 198] [249 213 173] [246 208 166] [246 205 160] [243 200 151] [243 197 143] [237 192 135] [237 188 126] [236 185 122] [231 180 109] [228 174 102] [219 167  86]],[[241 225 208] [246 228 209] [245 227 207] [245 223 202] [242 219 192] [244 216 186] [240 212 180] [240 209 174] [239 205 165] [236 201 157] [234 195 153] [231 193 143] [230 189 140] [227 186 131] [222 178 117] [213 169 105]],[[197 159 116] [160 169 184] [237 221 207] [204 210 215] [179 181 182] [231 210 188] [231 207 185] [226 205 186] [225 200 174] [223 196 170] [220 191 164] [220 187 153] [218 181 144] [214 177 140] [212 173 134] [206 164 118]],[[130  92  60] [ 57  63 164] [255 255 255] [202 202 202] [145 120 104] [166 138 108] [214 162  96] [212 158  91] [210 156  85] [209 153  75] [210 149  73] [207 145  66] [209 141  71] [208 140  66] [201 135  65] [196 128  53]],[[ 92  59  76] [255 255 254] [213 215 215] [162 150 138] [160 148 137] [158 143 135] [199 140  71] [199 136  70] [204 137  67] [200 133  57] [199 131  58] [160 103  52] [132  96  77] [117  80  58] [114  79  63] [104  60  30]],[[ 63  49  78] [153 159 162] [208 213 217] [225 235 236] [129 109  89] [159 131 104] [145 144 145] [185 121  56] [174 108  41] [186 116  40] [184 111  36] [184 109  35] [176 102  30] [174  96  28] [162  86  20] [110  60  13]],[[ 54  34  36] [ 85  92  86] [112 130 153] [121 135 154] [120 140 155] [129 135 146] [121 102  80] [175 107  48] [168  99  30] [167 101  33] [150  87  27] [147  80  19] [154  85  12] [156  87  18] [142  80  18] [128  64  14]],[[228 232 237] [ 97  93  88] [110 124 152] [120 140 161] [119 140 156] [118 101  84] [114  98  87] [157  94  35] [158  91  27] [158  90  24] [146  83  19] [145  76  16] [146  76  13] [144  76  13] [134  70  12] [132  69  11]],[[203 207 208] [ 97 101  96] [111 127 153] [117 141 163] [122 136 155] [118  96  69] [105  95  87] [146 136 131] [147  84  23] [141  79  17] [140  77  17] [134  70   5] [136  69  12] [128  65   3] [120  62   4] [117  57   4]],[[196 199 203] [199 204 205] [212 224 224] [ 98 108 126] [108 110 118] [105  92  78] [135 104  78] [150 132 122] [131  73  23] [127  66  15] [123  65  15] [121  63  11] [119  62   8] [118  55   2] [111  56   7] [105  52   1]],[[195 199 204] [196 200 204] [205 210 213] [213 217 218] [255 255 255] [136 112  94] [165 125  96] [168 129  86] [229 234 237] [121  70  17] [111  59   6] [112  55   6] [113  56   5] [105  50   5] [ 94  44   2] [ 86  41   4]],[[194 200 207] [205 209 214] [203 208 211] [213 218 221] [216 220 221] [244 249 252] [228 225 208] [247 251 252] [156 150 145] [148 135 127] [ 99  45   3] [103  53   8] [ 97  46   3] [ 88  39   4] [ 82  38   1] [ 53  41  16]]
trip3.jpg,[[128  85  87] [154  47  11] [157  46  20] [155  44  16] [162  53  19] [156  47  19] [159  53  17] [162  54  23] [165  56  22] [163  55  22] [162  56  23] [161  52  21] [159  54  18] [161  56  20] [161  51  17] [152  46  16]],[[ 58  44  49] [170 100  92] [152  46  20] [149  48  21] [153  52  23] [157  57  21] [155  54  25] [158  56  24] [160  56  23] [159  55  24] [160  57  20] [159  59  25] [155  52  20] [156  52  17] [156  55  13] [154  51  16]],[[128  83  81] [101 128 172] [139  50  23] [146  48  24] [126  93 104] [201 135 142] [147  54  27] [155  57  26] [151  52  25] [157  57  28] [158  56  26] [154  54  23] [155  56  23] [151  51  17] [153  51  23] [146  48  17]],[[100  62  61] [163 104 120] [ 73  33 111] [112  62  85] [137 185 252] [184 234 246] [164 186 193] [133  92  85] [124  76  81] [139  48  21] [139  47  19] [141  47  21] [145  50  27] [143  49  21] [142  44  20] [132  45  14]],[[148 104  94] [162 110 116] [ 73  64 104] [107  85  98] [ 77  28  21] [ 95  89 127] [143 102 103] [116 106 127] [ 32  33  89] [ 86  34  28] [124  41  17] [128  40  17] [128  41  16] [127  41  17] [128  40  15] [120  37   5]],[[  7  10  16] [ 77  34  54] [ 68  62  95] [111  88 116] [181 109  97] [114  67  84] [180 115 103] [ 23   3  18] [119  51  42] [106  72  89] [ 96  42  30] [149  87  82] [ 55   1   2] [ 78  19  10] [116  34   2] [114  29   1]],[[173 126 139] [138  88  83] [146 106 118] [135 112 145] [115  84 102] [132  72  76] [108  67  73] [204 141 129] [ 41  32  59] [166  92  75] [ 39   6  22] [ 72  19  18] [109  49  33] [ 88  54  72] [152  85  72] [ 27   0   0]],[[146 142 201] [127  86 118] [176 107 103] [143 102 105] [145 100  98] [123  85  95] [ 92  58  71] [136  81  77] [248 208 243] [ 95  67  69] [139 120 168] [150 120 147] [ 74  41  58] [125  85  97] [223 208 226] [ 27   0   0]],[[ 19  12  39] [ 93 147 219] [187 145 179] [174 132 171] [121  77  83] [157 107 101] [ 70  95 161] [ 23   0   0] [166 112 120] [ 96  79 105] [ 40  12  24] [153 102 100] [184 149 108] [ 59  14  16] [117  67  64] [107  44  45]],[[ 24   1   9] [113  58  57] [115  65  58] [  6   6  34] [196 143 176] [147 116 123] [ 81  27  15] [ 96  40  31] [121  68  67] [170 108  98] [125  67  49] [128  79  97] [110  67  70] [ 44   8  45] [ 92  56  48] [  8   0   1]],[[ 26   3   4] [114  60  56] [ 23   0   8] [  2   2  12] [  0   7  23] [185 150 170] [120  88  89] [ 33  18  25] [122  80  79] [112  61  59] [105  39  15] [185 117 114] [ 13   1   0] [  2   1   3] [ 19   0   1] [ 37   3   0]],[[ 17   1   0] [ 47  17  13] [ 52  16  23] [204 214 254] [254 252 254] [181 131 146] [116 180 243] [217 220 239] [ 13   7  31] [ 53  18  24] [130  82  73] [ 95  43  39] [ 18   0   0] [ 22   2   5] [ 10   1   1] [  5   1   1]],[[ 13   2   0] [ 45   2   0] [ 98  45  45] [164 108 118] [165 108 109] [169 113 113] [253 253 255] [194 205 254] [  1   4   1] [100  54  53] [154  90  70] [120  53  38] [ 12   1   1] [  5   0   1] [ 16   0   1] [ 17   0   1]],[[  7   0   0] [ 15   2   1] [ 59  20  18] [127  76  51] [128  64  60] [130  80  77] [ 57  59 105] [137 164 232] [152 220 245] [  6   4  21] [115  63  53] [ 65   4   0] [231 221 174] [  6   0   1] [  3   0   1] [ 13   1   0]],[[ 29   1   1] [ 18   0   2] [ 52  24  26] [127  71  56] [122  69  58] [132  78  61] [ 68  37  47] [ 57  47  88] [198 152 167] [108 121 165] [205 186 232] [131  93  84] [ 64  26  22] [  8   0   0] [  5   0   1] [  6   0   0]],[[ 15   2   1] [  0   0   0] [  2   0   0] [100  38  25] [ 99  35  20] [ 39   6   9] [130  76  62] [191 133 131] [202 162 195] [104 139 195] [179 181 241] [169 121  77] [108  92 117] [  4   2   1] [  7   0   0] [  8   0   0]]
trip4.jpg,[[  8   4   3] [ 25  20  19] [ 94  57  21] [ 63  29   6] [129  68  26] [186 119  50] [194 133  47] [203 118  46] [203 114  41] [211 128  50] [222 137  57] [210 130  47] [212 134  51] [207 127  41] [219 144  57] [208 138  44]],[[  5   1   0] [  2   2   2] [173 113  38] [188 127  47] [183 128  47] [188 135  53] [199 136  58] [198 127  53] [200 123  47] [208 131  54] [199 120  44] [255 244 242] [196 127  45] [189 121  36] [197 126  42] [195 128  41]],[[185 122  39] [177 117  37] [185 131  49] [185 132  51] [184 131  52] [184 126  51] [185 129  50] [192 125  52] [185 121  42] [182 114  40] [181 123  45] [241 250 255] [187 115  37] [178 113  37] [185 124  42] [174 114  29]],[[198 130  57] [189 127  50] [183 128  51] [176 119  44] [176 115  47] [188 129  59] [183 123  55] [174 108  39] [179 113  46] [171 104  34] [248 245 217] [246 247 231] [205 171 114] [172 106  31] [164 105  26] [166 109  23]],[[172 111  37] [170 111  39] [179 124  49] [148  91  29] [165 107  41] [168 112  47] [175 119  52] [150  84  25] [160  98  33] [167 105  39] [247 248 238] [118 106  78] [198 194 177] [161  98  32] [172 102  31] [142  80  10]],[[162 106  40] [155 104  33] [167 112  45] [167 107  40] [156 112  43] [160 109  44] [157 105  43] [153  91  35] [138  86  24] [147  86  34] [250 248 240] [ 10  34  36] [217 213 205] [119  72  22] [153  88  31] [152  93  25]],[[169 113  51] [169 120  49] [237 213 190] [159 112  44] [155 109  43] [151 105  43] [135  85  23] [165 107  48] [153  86  40] [153  97  37] [249 249 243] [139 100  72] [248 247 234] [151  98  39] [138  78  18] [157  94  34]],[[160 104  43] [155 106  45] [235 227 210] [139  92  30] [148 100  34] [139  92  30] [122  75  21] [110  70  17] [139  93  36] [228 220 195] [249 248 244] [130  92  57] [248 247 235] [143  84  25] [133  77  20] [128  73  23]],[[150  93  41] [147 101  47] [162  92  46] [147 102  45] [129  87  30] [127  82  25] [113  68  12] [125  81  31] [121  69  25] [251 250 240] [252 249 244] [253 250 242] [245 243 233] [251 255 250] [129  78  24] [143  84  30]],[[164  91  46] [ 93  71  54] [250 247 236] [255 251 221] [132 100  30] [137  93  33] [124  78  25] [126  80  25] [128  69  26] [253 250 247] [123  81  29] [254 251 248] [113  79  31] [255 255 239] [146  95  36] [134  78  27]],[[253 236  64] [249 212  44] [249 214  34] [255 202  32] [252 186  22] [254 178  28] [130  87  32] [128  81  45] [ 95  65  30] [250 249 248] [  0  30  62] [253 251 252] [  9  19  40] [249 248 238] [121  82  30] [135  87  27]],[[252 223  46] [251 228  28] [254 200  28] [254 177  17] [254 156  16] [255 145   9] [250 122  16] [116  74  31] [112  61  25] [255 254 250] [122  88  23] [254 253 249] [ 18  31  31] [231 232 223] [132  97  45] [105  84  11]],[[251 232  34] [254 213  20] [252 187  19] [253 163   9] [254 149   6] [255 129   4] [253 105   5] [246 104  10] [ 74  72  56] [252 253 251] [117  67  32] [255 251 250] [ 91  53  16] [254 251 246] [116  85  43] [ 96  60   5]],[[253 213  23] [251 200  22] [253 173  17] [253 149   6] [254 140   9] [255 112   6] [252  95   2] [251  80   3] [246 249 255] [255 255 255] [188 186 145] [254 252 252] [ 76  50  25] [255 252 247] [ 84  51  21] [ 90  53  21]],[[255 221  25] [253 186  18] [250 165  10] [250 144   3] [252 128   0] [252 109   4] [253  85   1] [247  68   1] [252  77   3] [250 254 255] [253 254 254] [255 253 253] [230 237 228] [255 253 247] [ 88  52  18] [ 87  57  16]],[[250 199  11] [253 182  14] [ 42  16  11] [252 136   5] [255 118   2] [253  90   2] [251  72   5] [242  63   1] [246  70   3] [224 181 124] [210 219 228] [195 206 226] [225 237 252] [253 253 253] [247 249 238] [240 242 213]]
trip5.jpg,[[199 173 161] [212 184 173] [217 190 180] [220 193 189] [219 198 196] [221 200 199] [218 200 199] [220 202 201] [222 204 203] [225 207 206] [226 208 207] [226 207 204] [227 208 200] [224 205 198] [224 199 186] [213 180 165]],[[204 175 170] [210 183 179] [216 192 188] [180 129 102] [194 130  92] [184 125  98] [186 125  80] [190 123  85] [177 121 101] [200 128  92] [234 201 203] [218 200 201] [222 202 201] [220 200 199] [218 197 195] [217 189 188]],[[189 134  89] [198 137  93] [197 139 100] [201 151 109] [199 145 110] [171 105  55] [176 113  78] [179 115  90] [191 126 102] [185 122 101] [184 117  85] [175 116  82] [191 135 113] [188 124  99] [150 112  93] [164 137 142]],[[186 112  64] [184 113  62] [188 123  83] [192 129  85] [187 126  82] [192 130  89] [195 134  90] [196 134  93] [192 135 103] [189 127  89] [148 106  89] [ 99  77  86] [110 102 112] [228 209 214] [115 101 111] [164 128 132]],[[179 117  71] [183 112  63] [190 121  81] [191 127  86] [200 139  95] [190 121  78] [182 114  71] [186 118  75] [179 118  78] [177 127 100] [ 44  47  67] [102 110 140] [124 120 144] [161 161 174] [131 112 122] [156 126 151]],[[180 113  68] [178 115  71] [179 117  76] [184 119  75] [184 122  86] [181 113  66] [185 115  68] [181 113  66] [175 124  89] [ 73  87 125] [ 70  75  91] [149 119  89] [198 134  80] [151 129 134] [191 170 176] [215 213 215]],[[178 108  61] [177 107  60] [181 111  58] [183 114  67] [185 111  63] [ 55  41  38] [ 51  34  30] [ 37  30  30] [ 61  70 105] [ 64  81 116] [137 138 160] [168 158 185] [160 161 194] [239 226 234] [248 215 205] [179 143 137]],[[181 111  57] [186 113  69] [179 107  52] [171 101  49] [181 107  51] [176 100  44] [173 102  52] [ 61  65  90] [ 58  74 106] [ 43  44  64] [192 199 217] [150 121 139] [128 110 122] [219 219 225] [225 218 225] [183 150 145]],[[167 101  45] [171 100  48] [168  91  39] [151  81  23] [167  94  51] [174  98  56] [152 107  87] [ 55  52  60] [ 39  44  46] [191 170 181] [167 166 198] [134 131 178] [157 151 149] [175 172 195] [212 180 181] [218 183 185]],[[149  91  49] [156  96  54] [156  88  41] [153  85  40] [150  84  43] [164  93  49] [136 100  73] [193 172 171] [228 214 216] [193 187 210] [125 133 180] [123 114 135] [151 129 143] [ 80  87 108] [219 188 191] [213 181 182]],[[124  65  20] [131  70  30] [137  72  28] [132  70  30] [138  75  34] [131  66  35] [207 169 138] [202 133  61] [181 115  58] [167 158 190] [180 175 207] [ 95  89 123] [159 162 183] [207 200 214] [211 178 177] [212 173 172]],[[122  68  35] [125  68  38] [123  62  22] [ 91  53  35] [168  89  31] [109  66  37] [106  55  19] [172  92  31] [158  80  47] [206 206 220] [185 173 195] [223 195 195] [210 188 190] [212 178 179] [212 173 166] [240 210 212]],[[ 98  51  27] [100  50  27] [ 99  47  25] [106  58  33] [178 161 190] [161 169 205] [165 162 192] [168 170 204] [159 160 194] [212 202 218] [172 130 127] [220 199 207] [186 136 116] [189 162 137] [188 133 104] [192 158 155]],[[ 85  42  25] [ 73  56  59] [100  55  22] [ 93  56  33] [183 172 191] [208 209 219] [166 126 124] [138 126 148] [123 126 164] [178 175 199] [218 212 221] [213 179 180] [192 145 137] [190 158 150] [205 162 157] [212 210 210]],[[104  68  55] [ 67  81 103] [ 46  73 112] [139 135 140] [134 101 107] [197 194 208] [200 203 210] [214 211 213] [190 190 204] [205 182 190] [101 122 181] [158 107 108] [112  98 101] [188 153 143] [185 146 139] [202 172 171]],[[ 51  62  80] [194 186 198] [205 204 207] [185 179 189] [158  94  69] [202 196 208] [203 179 189] [213 208 212] [ 51  50 106] [ 62  96  76] [ 35  64  75] [183 182 211] [164 122 110] [134 138 146] [ 79  79  97] [207 197 197]]
zebra1.jpg,[[ 53 113 170] [ 49 112 170] [ 48 118 176] [ 48 119 177] [ 71 138 192] [ 70 136 188] [ 71 137 187] [ 77 144 197] [ 66 136 190] [ 72 145 196] [ 61 137 193] [ 56 134 187] [ 62 139 196] [ 56 128 189] [ 55 121 176] [ 38 108 166]],[[ 44 107 167] [ 56 119 180] [ 52 125 185] [ 54 127 184] [ 59 132 191] [ 72 147 202] [ 67 142 199] [ 67 142 200] [ 68 147 204] [ 65 144 200] [ 55 132 186] [ 59 135 192] [ 59 138 194] [ 57 135 194] [ 55 127 189] [ 48 126 183]],[[ 46 127 190] [ 52 142 199] [ 52 143 203] [ 66 155 216] [ 65 151 213] [ 59 159 216] [ 65 156 213] [ 79 173 230] [ 80 170 227] [ 79 167 227] [ 82 165 223] [ 79 160 221] [ 78 163 223] [  0   0   0] [ 58 152 209] [ 52 140 198]],[[ 41 135 198] [ 52 141 206] [ 55 148 212] [ 55 151 215] [ 63 151 212] [ 62 156 220] [ 61 152 214] [ 68 171 229] [ 42 131 207] [170 207 246] [ 76 172 229] [ 63 157 221] [222 232 244] [116 143 154] [ 73 143 194] [ 63 161 219]],[[ 40 138 201] [ 33 135 191] [ 40 147 207] [ 47 150 207] [ 51 152 212] [ 58 164 226] [ 71 169 228] [ 71 163 229] [  6   3   2] [223 249 249] [ 89 182 233] [162 193 214] [  6   0   1] [215 239 255] [ 87  93 127] [ 46 149 205]],[[ 49 144 201] [ 39 142 205] [ 48 156 218] [ 51 151 210] [198 194 214] [251 253 251] [ 23  29  25] [233 232 248] [171 221 253] [ 39  40  56] [  7   7   0] [ 23  45  60] [  2   0   1] [143 226 251] [  1   1   1] [ 41 142 195]],[[ 50 148 204] [221 220 241] [234 240 251] [ 97  95  97] [ 11   1   2] [  9   7  10] [253 254 255] [250 252 251] [245 253 254] [250 254 255] [  4   2   2] [  0   0   0] [ 16  21  27] [ 41 149 210] [ 35 138 196] [ 30 129 186]],[[ 41 131 194] [191 207 242] [199 212 243] [ 37  52  85] [  8  13  14] [246 254 253] [ 11  15  20] [254 254 255] [250 251 252] [250 253 252] [253 253 252] [  1   2   3] [231 255 255] [ 50 158 213] [ 45 155 212] [ 40 144 205]],[[ 32 146 213] [125 149 174] [  0   0   0] [ 53  64  76] [185 231 255] [255 255 252] [ 15  20  30] [203 200 212] [251 252 250] [  9   1   3] [241 252 250] [242 255 255] [131 171 213] [ 55 160 215] [ 26 132 189] [ 24 123 183]],[[ 25  72 128] [ 98 118 133] [148 161 177] [  2   1   3] [202 228 248] [238 253 252] [  2   4   9] [242 255 251] [227 255 254] [225 253 254] [240 255 255] [213 243 247] [ 46 141 195] [ 35 129 186] [ 28 140 189] [ 47 135 195]],[[ 31  96 150] [ 29  41  40] [  6   5   6] [  5   1   2] [ 71  96 122] [240 255 253] [  6   3   3] [119 183 224] [174 228 249] [ 12   3   5] [ 10  13  30] [201 229 246] [ 58 149 213] [ 22 113 178] [ 53 147 210] [ 34 137 195]],[[ 18  75 142] [ 62  67  97] [ 60  80 109] [ 11  29  63] [168 206 237] [172 205 210] [ 40 130 193] [133 137 153] [ 39 136 200] [ 25 115 182] [113 166 192] [186 227 251] [ 42 127 195] [ 44 133 197] [ 40 132 199] [ 29 116 178]],[[ 26  67 133] [ 49 116 156] [ 25  87 149] [  9  31  75] [ 59 113 196] [  0   2  45] [ 41 119 184] [  0   7  22] [ 26 117 188] [ 22  85 155] [ 83 117 161] [ 12   8  45] [ 68 143 204] [ 24 107 177] [ 56 153 218] [ 20 113 179]],[[ 33 112 168] [ 56 148 209] [ 37 112 177] [ 37 110 178] [ 46 126 181] [136 208 255] [ 23  97 157] [ 54 129 189] [ 48 134 185] [ 32 114 180] [ 43 141 197] [ 72 160 219] [ 16 102 177] [ 42 145 199] [ 24 110 179] [ 38 128 191]],[[ 40 129 199] [ 14  96 167] [ 42 142 206] [ 45 134 196] [ 53 147 203] [ 59 158 221] [ 47 142 204] [ 60 158 218] [ 49 146 211] [ 54 148 205] [ 61 163 219] [ 55 155 209] [ 42 141 202] [ 44 144 207] [ 42 135 193] [ 43 136 195]],[[ 62 113 162] [ 50 117 159] [112 167 211] [  0  99 183] [ 38 137 201] [ 52 161 224] [ 53 152 215] [ 43 148 212] [ 47 143 207] [ 46 146 203] [ 40 144 207] [ 44 140 201] [ 59 156 219] [ 40 140 203] [ 46 141 192] [ 38 138 193]]
zebra2.jpg,[[ 50  84  97] [ 62  96 111] [ 54  94 112] [ 29  67  90] [ 47  95 117] [ 43  85 108] [ 45  86 108] [ 38  81  98] [ 39  87  99] [ 56 101 119] [ 37  86 103] [ 53 104 129] [ 51 110 126] [ 56 127 144] [ 74 134 156] [ 69 128 147]],[[ 29  53  78] [ 39  71  91] [ 35  80 104] [ 41  86 122] [ 49  99 118] [ 30  75  97] [ 30  73  97] [ 33  76  94] [101 122 128] [152 165 167] [184 206 208] [129 160 163] [ 77 135 146] [ 99 139 141] [132 161 165] [ 92 135 151]],[[ 26  65  87] [ 35 101 125] [ 40  86 103] [ 65 102 143] [ 21  22  18] [ 64 150 178] [ 73 164 193] [104 187 209] [ 74 165 183] [ 68 153 177] [ 87 182 206] [ 75 164 190] [ 99 184 206] [ 81 180 204] [ 68 163 191] [ 85 175 202]],[[ 31  83 113] [ 45 101 132] [ 44 105 139] [153 161 158] [ 77  78  76] [ 75 108 125] [ 44 142 173] [ 36 126 157] [ 58 135 167] [ 41 121 152] [ 48 125 152] [ 56 141 173] [ 59 155 184] [ 65 160 186] [ 61 145 180] [ 77 148 177]],[[ 36  97 129] [ 30  82 119] [ 21  80 115] [149 154 152] [ 20  22  20] [112 117 115] [ 84 128 151] [ 59 150 181] [ 67 152 179] [ 62 152 183] [ 48 106 134] [209 239 252] [234 255 255] [ 55 130 156] [ 55 119 150] [ 78 145 170]],[[ 46 116 149] [ 44 125 158] [ 42 118 154] [167 178 176] [ 30  27  23] [ 64  62  62] [113 118 121] [207 239 253] [166 191 204] [242 255 255] [ 73  90  93] [ 31  45  44] [247 253 251] [  0   4   4] [ 50 133 173] [ 61 139 175]],[[ 31  93 133] [ 32  84 122] [ 25  75 109] [ 70  78  78] [ 52  75  75] [148 146 145] [ 55  60  63] [237 244 248] [241 250 253] [ 77  85  87] [248 255 255] [103 112 112] [  1   7   2] [198 189 178] [ 95 116 131] [ 54 163 193]],[[ 23  72 110] [ 25  71 105] [ 27 105 150] [ 41  63  82] [ 28  33  44] [102 104 102] [232 235 231] [119 134 134] [ 25  35  39] [248 255 255] [112 120 119] [245 249 250] [207 205 196] [  5   9   8] [ 29  31  31] [ 74 189 216]],[[ 22  99 146] [ 42 131 168] [ 55 127 168] [ 16  89 133] [ 76 120 148] [105 136 142] [  4   1   0] [179 177 174] [216 202 198] [204 203 201] [  0   0   0] [  0   0   0] [171 177 172] [ 22  25  20] [  0   2   6] [ 77 199 239]],[[ 29 123 167] [ 49 134 162] [ 57 144 178] [ 33 102 143] [ 20  92 132] [ 99 113 112] [ 52  56  53] [179 176 174] [151 156 155] [  8   3   4] [ 95 110 111] [162 167 166] [ 58  93 106] [101 130 132] [ 54  62  68] [ 33 134 168]],[[ 23  92 132] [ 46 130 151] [ 52 122 159] [ 17 102 141] [ 47 143 185] [107 118 126] [ 69  96  97] [129 158 158] [110 138 141] [ 55  85  88] [ 93 119 130] [ 50 163 208] [ 32  46  48] [  9  23  28] [ 38  70  57] [ 23 108 138]],[[ 29  97 133] [ 26  92 117] [ 42 119 145] [  9  91 128] [ 89 177 214] [ 94 139 150] [ 24  48  56] [ 22  40  37] [ 41 151 198] [ 56 129 181] [ 31 129 174] [ 62 170 208] [ 31  70  88] [109 136 152] [ 37 112 131] [ 78 171 199]],[[ 51 132 160] [ 27 104 131] [ 22  84 114] [ 40 127 161] [ 17 115 154] [ 87 202 228] [ 11  25  33] [  0   7  11] [ 30 144 180] [ 63 160 200] [ 64 170 208] [ 20 122 161] [ 88 221 251] [ 84 136 149] [ 87 211 234] [ 39 161 191]],[[ 40 112 146] [ 27 131 154] [ 51 126 154] [ 29 119 156] [ 68 153 177] [ 40 146 185] [ 48 120 131] [ 67 118 134] [ 51 154 182] [ 64 188 218] [ 45 167 201] [ 33 137 170] [ 11 111 145] [ 62 112 122] [ 57 158 183] [ 16 140 171]],[[ 38 101 134] [ 45 127 149] [ 52 114 140] [ 52 131 164] [ 68 158 188] [ 35 109 140] [ 95 196 217] [ 65 140 161] [ 43 125 161] [ 11 114 149] [ 34 116 148] [ 28 105 136] [ 50 119 152] [ 68 148 166] [ 39 126 150] [ 49 148 171]],[[122 158 172] [141 164 180] [171 187 212] [ 39 114 134] [ 58 156 187] [ 52 140 164] [ 63 167 196] [ 75 170 196] [ 68 152 180] [ 55 149 175] [ 52 153 179] [ 26 117 151] [ 59 129 156] [ 73 169 191] [ 30 141 159] [ 52 149 172]]
zebra3.jpg,[[ 34 138  75] [ 37 140  81] [ 43 144  88] [ 39 146  89] [ 43 149 108] [ 49 155 116] [ 47 156 108] [ 51 157 116] [ 53 160 116] [ 50 153 102] [ 69 163 122] [ 54 103  80] [ 39  69  53] [ 71 163 125] [ 56 136  94] [ 21  30  18]],[[ 39 129  75] [ 51 141  98] [ 52 150 105] [ 52 161 118] [ 68 167 137] [ 68 171 150] [ 71 173 155] [ 75 175 153] [ 81 176 155] [ 92 179 170] [ 14  16  16] [ 59  72  78] [ 14  20  35] [ 43  41  42] [108 176 149] [ 36  57  36]],[[ 55 148 119] [ 59 156 129] [ 24  31  33] [237 243 239] [ 61 168 150] [ 67 170 150] [ 68 166 134] [ 61 171 138] [ 71 172 140] [ 92 169 140] [121 138 151] [ 22  19  21] [ 41  39  38] [  4   9   8] [ 59 154  98] [ 56 137  84]],[[ 55 145 112] [ 67 166 131] [ 94 146 176] [ 16  30  48] [ 23  39  43] [ 23  50  49] [167 230 229] [135 224 226] [233 255 254] [243 241 239] [161 194 207] [ 13  13  13] [ 23  19  17] [ 25  30  29] [ 70 173 189] [ 70 180 194]],[[ 63 153 140] [ 54 152 136] [ 15  29  36] [140 171 192] [ 18  19  17] [ 23  19  18] [ 22  24  28] [ 32  45  50] [221 244 247] [234 239 240] [139 174 200] [ 10  10  10] [ 14   8   9] [  7  13  12] [ 71 175 151] [ 56 161 144]],[[ 51 143 122] [ 70 148 131] [ 19  19  19] [ 41  49  53] [ 23  32  32] [ 14  24  32] [ 20  18  23] [ 29  20  21] [  8  15  20] [149 183 199] [138 171 177] [111 143 156] [ 24  35  37] [ 90  94  95] [ 71 182 160] [ 56 159 131]],[[ 60 151 127] [ 30  21  24] [175 212 224] [133 162 170] [148 180 192] [ 81 108 119] [ 15  19  24] [ 28  19  19] [ 20  21  26] [ 19  20  20] [ 40  49  59] [102 146 157] [102 121 118] [113 177 168] [ 66 163 147] [ 83 164 171]],[[ 48 135  90] [227 246 250] [ 35  41  42] [ 21  18  20] [ 61  81  82] [141 182 196] [ 58  75  83] [ 19  20  18] [ 57  64  67] [ 30  49  56] [150 172 181] [ 19  32  30] [110 122 122] [ 65 166 148] [ 60 162 134] [ 68 175 142]],[[ 50 144 108] [ 20  20  20] [162 193 209] [132 165 185] [ 12  21  21] [113 142 147] [ 97 116 121] [ 13  15  16] [ 21  24  28] [ 16  19  17] [ 44  58  59] [ 87 126 128] [117 141 148] [ 55 172 132] [ 61 163 137] [ 46 152 119]],[[ 51 144 129] [206 223 221] [ 10  17  14] [ 76  94 102] [  7  10  11] [ 25  31  30] [ 18  26  27] [ 19  25  23] [ 21  19  18] [ 90 117 121] [ 24  33  32] [ 90 117 113] [ 64 168 139] [ 58 165 132] [ 55 162 136] [ 42 137 123]],[[ 37 126  93] [152 187 202] [ 19  18  17] [ 82 152 141] [ 83 177 182] [ 66 136 125] [ 39  68  59] [ 43  70  61] [ 63  92  83] [ 59  81  72] [ 38  55  58] [ 48  76  73] [ 95 190 173] [ 54 155 147] [100 208 194] [ 49 158 126]],[[ 49 134  79] [127 168 199] [ 32  34  34] [ 25 131  87] [ 62 167 133] [116 201 173] [ 51 146 106] [ 67 175 133] [ 86 177 151] [ 84 153 126] [ 13  24  18] [ 83 162 139] [ 66 179 131] [ 94 199 173] [ 94 203 167] [ 77 192 140]],[[ 47  96  84] [ 57  80  86] [ 56 113  87] [ 58 149 126] [ 78 166 140] [ 75 176 137] [ 36 127  92] [ 52 149 120] [ 34 136 104] [ 79 152 128] [ 28  27  27] [ 90 201 188] [ 83 193 162] [ 78 175 154] [ 54 163 123] [ 50 143 120]],[[ 69 145 115] [ 65 117  98] [ 54 117  85] [ 77 180 144] [ 59 163 126] [ 26 134  89] [ 54 148  97] [ 16 111  76] [ 49 143  99] [ 68 151 108] [ 26  17  17] [ 71 156 133] [ 63 156 133] [ 68 165 130] [ 48 140 100] [ 50 146  98]],[[ 26  43  40] [ 58 110 101] [ 41  85  54] [ 26  60  30] [ 35  59  41] [ 36  83  61] [ 48  91  64] [ 16  54  42] [ 41  92  52] [ 32  75  49] [ 43  70  50] [  4  13  12] [ 51 104  64] [ 76 140  94] [ 60 125  86] [ 39 121  69]],[[ 58 123 102] [ 41  97  65] [ 60 122  82] [ 62 132  82] [ 52 110  70] [ 66 139 107] [ 37 117  84] [ 55 137 108] [ 52 141  98] [ 77 139 115] [ 80 143 125] [ 35 106  89] [ 51 122 109] [ 20  86  57] [ 62 139  89] [ 38 122  78]]
zebra4.jpg,[[ 65 100  74] [ 98 134 110] [186 177 142] [206 190 163] [182 180 149] [ 93 115  92] [ 69 115  93] [ 88 112 102] [101 105 100] [ 96 113 100] [121 141 125] [124 132 119] [ 66  98  79] [153 151 133] [207 173 144] [248 209 177]],[[ 57  83  67] [ 57  64  45] [ 52  63  47] [ 73 112  99] [ 76 116  98] [ 87 103  95] [ 87 107  95] [ 84  91  88] [ 80  76  71] [ 89  97  87] [ 84  95  83] [ 88  96  86] [ 74  84  68] [ 91  93  81] [104 110  99] [216 178 146]],[[ 84 102 103] [106 143 147] [ 90 130 130] [ 91 124 117] [ 97 137 136] [ 96 134 135] [121 148 152] [103 115 117] [105 122 119] [ 99 111 115] [107 121 117] [ 95 105  93] [ 89  89  89] [109 106  92] [115 110  95] [ 98 114  91]],[[125 159 182] [126 170 193] [117 160 184] [115 159 182] [114 152 170] [117 165 189] [ 16  29  45] [152 158 147] [110 150 162] [113 155 177] [107 141 157] [ 97 141 162] [106 136 147] [ 97 119 130] [109 146 161] [110 155 176]],[[119 162 177] [108 141 157] [104 112 112] [156 151 146] [156 167 157] [104 107 107] [ 61  51  53] [119 160 175] [115 150 164] [ 24  21  17] [  6   3   5] [129 153 160] [114 156 178] [127 168 183] [120 156 174] [108 134 150]],[[143 180 202] [ 67  66  70] [191 193 201] [ 46  49  44] [ 97 109 113] [126 188 204] [ 10  14  19] [ 61  77  83] [ 43  44  35] [120 179 199] [ 32  21  22] [135 193 213] [119 146 159] [212 222 210] [ 46  38  39] [128 185 206]],[[173 183 183] [ 67  75  88] [179 181 193] [ 17   8   9] [113 124 125] [120 179 200] [ 53  48  45] [ 38  28  28] [126 136 130] [238 255 255] [ 18  13  13] [119 173 198] [181 205 208] [ 33  34  39] [200 196 191] [ 50  44  45]],[[143 158 161] [132 186 209] [251 255 255] [ 44  60  69] [ 28  25  30] [ 34  41  47] [ 24  27  31] [ 26  21  22] [ 97 112 125] [210 223 223] [ 26  21  23] [189 185 176] [110 109 110] [106 115 118] [ 29  24  23] [ 43  46  47]],[[118 158 176] [100 141 163] [ 49  43  43] [120 145 146] [163 163 160] [167 182 186] [ 11   6   5] [ 13   8   7] [ 62  55  57] [ 18  23  26] [108 133 133] [ 20  13   9] [ 12  17  22] [ 68  81  83] [109 125 137] [ 72  84  90]],[[104 157 178] [240 255 255] [ 20  18  17] [ 20  31  35] [ 12  16  21] [ 85 101 110] [ 13   5   6] [ 85 103 106] [ 11   6   5] [139 151 151] [ 10   5   7] [165 166 162] [ 25  19  23] [ 33  28  37] [118 172 192] [125 175 198]],[[ 86 143 174] [214 235 241] [ 94 129 149] [ 15  11  12] [ 73 101 112] [119 147 154] [101 108 101] [119 139 140] [ 19  21  21] [190 212 210] [162 174 176] [141 159 155] [ 22  15  19] [ 16  15  18] [113 165 186] [137 194 216]],[[ 60 137 156] [123 196 215] [ 44  77  93] [ 63  91 100] [ 12  24  29] [ 69  85 104] [109 138 143] [112 123 121] [ 59  74  86] [ 87 105 104] [ 58  80  86] [ 80 103 105] [  7   8   9] [139 187 209] [113 175 196] [105 160 187]],[[ 81 159 182] [131 192 212] [172 179 181] [111 155 164] [101 169 187] [163 197 203] [106 107 105] [ 89 109 117] [ 74 124 144] [134 199 218] [ 23  61  73] [146 147 148] [  8   8  14] [104 164 186] [105 180 206] [ 79 146 173]],[[106 176 199] [110 174 199] [145 203 212] [141 173 178] [130 181 197] [108 177 201] [106 130 128] [ 91 130 142] [115 173 196] [125 192 224] [ 66  87  88] [159 192 183] [ 81  98 109] [104 177 187] [103 171 188] [103 164 184]],[[129 188 207] [ 89 151 175] [ 93 149 170] [106 169 187] [ 99 173 199] [ 97 166 190] [121 184 198] [148 214 225] [ 86 157 167] [111 183 196] [108 114 107] [124 176 198] [105 187 198] [127 187 201] [120 179 195] [129 188 204]],[[108 174 193] [ 62 119 140] [112 165 182] [ 87 158 176] [108 178 195] [118 183 201] [121 180 195] [115 179 190] [131 204 212] [116 194 210] [117 190 204] [124 191 204] [ 94 111 108] [ 77 132 144] [111 184 198] [ 96 156 180]]
zebra5.jpg,[[252 243 175] [251 242 176] [254 239 174] [255 240 169] [254 238 171] [253 237 170] [253 236 169] [252 235 168] [251 234 167] [253 234 167] [252 233 166] [255 231 165] [255 231 165] [255 229 163] [254 228 162] [253 227 161]],[[253 244 176] [ 89 115 130] [202 192 166] [ 72 115 135] [255 240 171] [254 238 171] [253 237 170] [253 236 169] [252 235 168] [253 234 167] [253 234 167] [252 233 166] [255 231 165] [253 229 163] [254 228 162] [253 227 161]],[[254 245 177] [196 216 191] [ 62  74  86] [ 56 106 135] [255 241 175] [255 239 172] [253 237 170] [253 236 169] [253 236 169] [254 235 168] [253 234 167] [252 233 166] [255 231 165] [253 229 163] [254 228 162] [253 227 161]],[[255 248 179] [255 251 178] [ 48  60  75] [ 30  32  40] [101 122 154] [255 240 176] [255 239 173] [249 232 169] [251 236 170] [252 235 168] [252 235 168] [253 234 167] [252 233 166] [255 231 167] [254 229 165] [255 228 164]],[[254 248 181] [250 240 167] [169 171 181] [ 23  31  45] [ 10  12  20] [202 191 165] [255 227 172] [ 40  97 115] [251 243 164] [251 238 207] [ 21  32  56] [175 187 212] [125 164 162] [ 35  60  80] [ 27  36  59] [157 178 184]],[[255 249 183] [251 243 180] [ 90  87  96] [151 156 165] [ 11  22  44] [104 118 137] [  2  14  36] [ 16  32  49] [132 147 173] [130 145 166] [206 227 241] [ 10  15  36] [ 34  40  59] [153 178 186] [188 207 214] [ 37  38  41]],[[255 251 191] [253 246 183] [ 31  30  41] [121 130 144] [213 229 242] [ 73  82  96] [  0   3  13] [  7  16  29] [  1   6  16] [ 14  21  33] [  0   0   2] [  0  10  23] [ 29  38  51] [177 183 194] [188 204 217] [ 52  68  77]],[[253 240 184] [255 240 191] [ 16  21  25] [  0   0   0] [ 14  24  31] [226 236 241] [255 255 255] [224 232 240] [  8  19  33] [ 89  93 113] [148 167 190] [ 13  21  34] [ 16  33  47] [107 116 135] [102 148 165] [  0   2  18]],[[255 216 185] [254 210 186] [172 150 142] [ 61  76  84] [239 253 255] [  0   0   0] [217 227 237] [138 151 165] [236 248 255] [ 23  47  65] [132 150 170] [230 236 247] [197 219 238] [ 93 120 130] [ 43  91 113] [  5  11  21]],[[139 159 180] [104 145 163] [ 88 140 164] [ 58  81  96] [207 220 227] [236 254 255] [229 242 248] [215 239 244] [ 21  38  65] [226 238 250] [  2  12  21] [153 172 189] [ 10  10  22] [ 36  62  68] [110 158 180] [ 73 113 141]],[[105 131 158] [ 94 124 150] [ 78 107 134] [ 41 117 143] [ 39  38  53] [235 253 255] [231 243 255] [173 202 217] [114 131 150] [193 212 222] [  0   0   4] [  0   0   9] [186 206 224] [ 95 114 123] [ 60  96 113] [ 59 107 135]],[[ 86 121 147] [ 53  94 119] [ 78 128 154] [ 32  78  95] [109 138 149] [152 169 188] [118 141 157] [168 192 201] [168 210 224] [190 213 234] [111 151 173] [ 45 100 120] [108 124 140] [ 86 122 148] [ 84 118 142] [ 24  75  93]],[[ 87 130 151] [ 32  86 111] [ 65 129 156] [ 39 104 122] [ 62 100 116] [  7  18  22] [195 221 234] [ 40  74  91] [ 22  63  77] [ 29  66  88] [105 145 173] [ 79 129 152] [105 123 135] [ 70 105 131] [ 88 133 160] [ 59 115 139]],[[ 56  96 132] [ 77 127 162] [  5  75 112] [ 54 122 142] [  3  47  74] [ 16  46  45] [168 221 241] [ 29  88 110] [ 52 110 129] [ 47 106 131] [185 214 233] [ 52 103 126] [114 142 166] [ 36  92 120] [ 61 118 149] [ 51 108 133]],[[  9  75 100] [ 63 117 144] [ 22  95 125] [ 40  90 112] [ 72 146 169] [ 24  86 105] [ 37  50  76] [  4  83  99] [ 28  85 105] [ 56 104 123] [ 67 117 132] [ 41 107 128] [ 90 135 156] [ 70 125 152] [ 46 110 140] [ 43  99 124]],[[ 87  94 114] [ 94 129 148] [ 70 118 131] [ 55 105 120] [ 46 115 149] [ 40 107 128] [ 47 100 125] [ 34  96 116] [ 28  85 111] [ 36  95 115] [ 49 107 130] [ 54 101 121] [113 145 170] [122 145 171] [ 50  83 103] [103 130 156]]
